﻿<project version="2.9" name="ProtectedHome" ID="52B18659-45C0-E711-9E7D-787B8ABCE684">
  <params>
    <pageParam version="5.3" minAllowVersion="5.3"/>
    <projectParam version="2.9" minAllowVersion="2.9" platform="MtMobile" orientation="MoPortrait" mobileScreenScale="1.77777779102325" mobileType="mmtIOS" pageSize="(375,667)" backgroundColor="4294967295" fontSize="14" fontFamily="Arial" projectType="ptPersonalProject" isShowTitleIndex="False"/>
    <previewParam version="1.0"/>
    <colorParam version="1.0"/>
  </params>
  <pages>
    <page name="Welcome" ID="18B48659-45C0-E711-9E7D-787B8ABCE684" expanded="True" code="1MQwnPYPOf" thumbCode="1MQwnPYPOf" status="psWhite" isfolder="False" isshownode="True">
      <images>
        <image key="D33BE010683D99506A5F1740B3045694.png"/>
      </images>
    </page>
    <page name="Log In" ID="00FA5D72-45C0-E711-9E7D-787B8ABCE684" expanded="True" code="NCgzvsjdpx" thumbCode="qCTsAAXNWJ" status="psWhite" isfolder="False" isshownode="True">
      <images>
        <image key="2E967326C22523F5F084001B9F4E5BC7.svg"/>
        <image key="91852B86E51F760894554368302F9800.svg"/>
      </images>
    </page>
    <page name="Email Address" ID="44404E8B-48C0-E711-9E7D-787B8ABCE684" expanded="False" code="is3IKbDTmI" thumbCode="is3IKbDTmI" status="psWhite" isfolder="False" isshownode="True">
      <images>
        <image key="2E967326C22523F5F084001B9F4E5BC7.svg"/>
        <image key="91852B86E51F760894554368302F9800.svg"/>
      </images>
    </page>
    <page name="Birthday" ID="FA9BA43F-4AC0-E711-9E7D-787B8ABCE684" expanded="False" code="QFU2FPZEx5" thumbCode="5BG9x6qdbM" status="psWhite" isfolder="False" isshownode="True">
      <images>
        <image key="2E967326C22523F5F084001B9F4E5BC7.svg"/>
        <image key="91852B86E51F760894554368302F9800.svg"/>
      </images>
    </page>
    <page name="Notifications" ID="2E6F2FB7-4AC0-E711-9E7D-787B8ABCE684" expanded="False" code="oZh2r7Nf42" thumbCode="oZh2r7Nf42" status="psWhite" isfolder="False" isshownode="True">
      <images>
        <image key="147F076E9266449FBF7B548C4DE33EFC.svg"/>
      </images>
    </page>
    <page name="HomeSync" ID="0D6A2259-BC23-488A-AD18-C08C1E11CA78" expanded="False" code="1qtrcTK4rK" thumbCode="1qtrcTK4rK" status="psWhite" isfolder="False" isshownode="True">
      <images>
        <image key="D7E33E6E51D883E1F80271285DA2DDB1.svg"/>
      </images>
    </page>
    <page name="DevicesSync" ID="00CD78E3-59C0-E711-9E7D-787B8ABCE684" expanded="False" code="TsFIo1NKWm" thumbCode="TsFIo1NKWm" status="psWhite" isfolder="False" isshownode="True">
      <images>
        <image key="D7E33E6E51D883E1F80271285DA2DDB1.svg"/>
      </images>
    </page>
    <page name="Home" ID="AC071669-5AC0-E711-9E7D-787B8ABCE684" expanded="True" code="uxpHDvW8bi" thumbCode="uxpHDvW8bi" status="psWhite" isfolder="False" isshownode="True">
      <images>
        <image key="B91434690C5B5224D1CC6B1998F1178A.svg"/>
        <image key="27BF6DD5D083782A1CB633DA66BC8750.svg"/>
        <image key="7DAB03FBDEAA4869BF2A03687B6BD942.svg"/>
        <image key="00B95EF219967F400695DB20B0044ACF.svg"/>
        <image key="35EC0CEF289D155B96D1500409688C43.svg"/>
        <image key="465F7420215F741122FE38BF5E1BDDD8.svg"/>
        <image key="580C991B7C917DA9D65FD2306B67F38F.svg"/>
        <image key="2D780716D3D89B2EFB0155599BA0A89F.svg"/>
        <image key="7368E932054EB35095B123FCB5C28A31.svg"/>
      </images>
    </page>
    <page name="Page" ID="B941D25F-9B6B-4F5A-ABB1-2A94687F9CE5" expanded="False" code="rtN5ZQC6vS" thumbCode="rtN5ZQC6vS" status="psWhite" isfolder="False" isshownode="True">
      <images>
        <image key="B91434690C5B5224D1CC6B1998F1178A.svg"/>
        <image key="00B95EF219967F400695DB20B0044ACF.svg"/>
        <image key="465F7420215F741122FE38BF5E1BDDD8.svg"/>
      </images>
    </page>
    <page name="Device" ID="88622468-2E34-48AE-991A-E630C1F9952F" expanded="True" code="iob8HsEzm1" thumbCode="iob8HsEzm1" status="psWhite" isfolder="False" isshownode="True">
      <images>
        <image key="B91434690C5B5224D1CC6B1998F1178A.svg"/>
        <image key="00B95EF219967F400695DB20B0044ACF.svg"/>
        <image key="465F7420215F741122FE38BF5E1BDDD8.svg"/>
        <image key="BE4C5179F59E9FBC7F740C25B5B67821.png"/>
      </images>
    </page>
    <page name="Profile" ID="0439DC47-68C0-E711-9E7D-787B8ABCE684" expanded="True" code="pfHcGUUgM4" thumbCode="pfHcGUUgM4" isLastOpen="True" status="psWhite" isfolder="False" isshownode="True">
      <images>
        <image key="B91434690C5B5224D1CC6B1998F1178A.svg"/>
        <image key="06A0D0852E7680250DB934DBC4675548.svg"/>
        <image key="6BA4F209C7686A63DAEE2CC7605550E2.svg"/>
        <image key="FD7DD79F0BC024568CBAC3F36815299E.svg"/>
        <image key="00B95EF219967F400695DB20B0044ACF.svg"/>
        <image key="467605F5F90D9FF65132C1A6EF883F26.svg"/>
        <image key="465F7420215F741122FE38BF5E1BDDD8.svg"/>
      </images>
    </page>
  </pages>
  <trash>
    <page name="Trips" ID="D2DCC886-66C0-E711-9E7D-787B8ABCE684" expanded="True" code="oRmQgPcSyM" thumbCode="rhbesltToC" isLastOpen="True" status="psWhite" isfolder="False" isshownode="True">
      <images>
        <image key="42CF9E031360EBC09387427849BF6328.svg"/>
        <image key="5D2FC77604E539DF244AAB2A27B41160.svg"/>
        <image key="0B049E06B9FEED9DEB41DAE35B667510.svg"/>
        <image key="6EE140726548992D82F763CCD21EF6A1.svg"/>
        <image key="26610A2D62BEDB65B207DBE06FFC8EBD.svg"/>
        <image key="3B443BC10FFEEF2C52CCC9C32992C21A.svg"/>
      </images>
    </page>
    <page name="Saved" ID="D4D11FC9-62C0-E711-9E7D-787B8ABCE684" expanded="True" code="ffqDCGLY12" thumbCode="qgDkNrsIt1" isLastOpen="True" status="psWhite" isfolder="False" isshownode="True">
      <images>
        <image key="42CF9E031360EBC09387427849BF6328.svg"/>
        <image key="0B049E06B9FEED9DEB41DAE35B667510.svg"/>
        <image key="6EE140726548992D82F763CCD21EF6A1.svg"/>
        <image key="26610A2D62BEDB65B207DBE06FFC8EBD.svg"/>
        <image key="CFAC147583A1C602F91FE6F2C39DA488.svg"/>
        <image key="72BF4B25116FB86A7394B44E45996DD0.svg"/>
        <image key="24AC6E9D0DB95CFF2CF4AFB878AB46D7.svg"/>
        <image key="BEB5A07F5D035946C24D8B04858B49DE.svg"/>
        <image key="7368E932054EB35095B123FCB5C28A31.svg"/>
        <image key="3B443BC10FFEEF2C52CCC9C32992C21A.svg"/>
      </images>
    </page>
    <page name="Inbox" ID="5432EC8A-67C0-E711-9E7D-787B8ABCE684" expanded="True" code="XpHblQyA92" thumbCode="eoYR8RoUnH" isLastOpen="True" status="psWhite" isfolder="False" isshownode="True">
      <images>
        <image key="26610A2D62BEDB65B207DBE06FFC8EBD.svg"/>
        <image key="42CF9E031360EBC09387427849BF6328.svg"/>
        <image key="0B049E06B9FEED9DEB41DAE35B667510.svg"/>
        <image key="6EE140726548992D82F763CCD21EF6A1.svg"/>
        <image key="D8C8A367477A6FC0F60F62C4858C1E7A.svg"/>
        <image key="3B443BC10FFEEF2C52CCC9C32992C21A.svg"/>
      </images>
    </page>
    <page name="Detail" ID="989C1ED1-63C0-E711-9E7D-787B8ABCE684" expanded="True" code="L37zLVxSyq" thumbCode="zdGQyONkHY" isLastOpen="True" status="psWhite" isfolder="False" isshownode="True">
      <images>
        <image key="69343460E9407CF814C54637629A380F.svg"/>
        <image key="4E907AA8CD5547A2940A52979F762D41.svg"/>
        <image key="91852B86E51F760894554368302F9800.svg"/>
        <image key="27BF6DD5D083782A1CB633DA66BC8750.svg"/>
        <image key="4793C67A7C884DBE8DCBB394F692212B.svg"/>
        <image key="F7CDD613991BA6D36554112C0D6C09C7.svg"/>
      </images>
    </page>
  </trash>
  <deletes/>
  <masters/>
  <images>
    <image key="27BF6DD5D083782A1CB633DA66BC8750.svg"/>
    <image key="6EE140726548992D82F763CCD21EF6A1.svg"/>
    <image key="24AC6E9D0DB95CFF2CF4AFB878AB46D7.svg"/>
    <image key="35EC0CEF289D155B96D1500409688C43.svg"/>
    <image key="B91434690C5B5224D1CC6B1998F1178A.svg"/>
    <image key="42CF9E031360EBC09387427849BF6328.svg"/>
    <image key="06A0D0852E7680250DB934DBC4675548.svg"/>
    <image key="26610A2D62BEDB65B207DBE06FFC8EBD.svg"/>
    <image key="D8C8A367477A6FC0F60F62C4858C1E7A.svg"/>
    <image key="F7CDD613991BA6D36554112C0D6C09C7.svg"/>
    <image key="CFAC147583A1C602F91FE6F2C39DA488.svg"/>
    <image key="2E967326C22523F5F084001B9F4E5BC7.svg"/>
    <image key="91852B86E51F760894554368302F9800.svg"/>
    <image key="FD7DD79F0BC024568CBAC3F36815299E.svg"/>
    <image key="580C991B7C917DA9D65FD2306B67F38F.svg"/>
    <image key="6BA4F209C7686A63DAEE2CC7605550E2.svg"/>
    <image key="5D2FC77604E539DF244AAB2A27B41160.svg"/>
    <image key="7DAB03FBDEAA4869BF2A03687B6BD942.svg"/>
    <image key="BEB5A07F5D035946C24D8B04858B49DE.svg"/>
    <image key="4E907AA8CD5547A2940A52979F762D41.svg"/>
    <image key="467605F5F90D9FF65132C1A6EF883F26.svg"/>
    <image key="00B95EF219967F400695DB20B0044ACF.svg"/>
    <image key="BE4C5179F59E9FBC7F740C25B5B67821.png"/>
    <image key="2D780716D3D89B2EFB0155599BA0A89F.svg"/>
    <image key="3B443BC10FFEEF2C52CCC9C32992C21A.svg"/>
    <image key="69343460E9407CF814C54637629A380F.svg"/>
    <image key="0B049E06B9FEED9DEB41DAE35B667510.svg"/>
    <image key="4793C67A7C884DBE8DCBB394F692212B.svg"/>
    <image key="147F076E9266449FBF7B548C4DE33EFC.svg"/>
    <image key="72BF4B25116FB86A7394B44E45996DD0.svg"/>
    <image key="D7E33E6E51D883E1F80271285DA2DDB1.svg"/>
    <image key="D33BE010683D99506A5F1740B3045694.png"/>
    <image key="465F7420215F741122FE38BF5E1BDDD8.svg"/>
    <image key="7368E932054EB35095B123FCB5C28A31.svg"/>
  </images>
</project>