﻿<LinkSources version="1.02">
  <page ID="18B48659-45C0-E711-9E7D-787B8ABCE684">
    <linkSource sourcePageID="00FA5D72-45C0-E711-9E7D-787B8ABCE684" comID="E8104DAF-47C0-E711-9E7D-787B8ABCE684" comLinkType="cltPageLink"/>
  </page>
  <page ID="00FA5D72-45C0-E711-9E7D-787B8ABCE684">
    <linkSource sourcePageID="18B48659-45C0-E711-9E7D-787B8ABCE684" comID="16A0E83E-46C0-E711-9E7D-787B8ABCE684" comLinkType="cltPageLink"/>
    <linkSource sourcePageID="44404E8B-48C0-E711-9E7D-787B8ABCE684" comID="8C1EFDF1-48C0-E711-9E7D-787B8ABCE684" comLinkType="cltPageLink"/>
    <linkSource sourcePageID="18B48659-45C0-E711-9E7D-787B8ABCE684" comID="67496195-63D7-4A54-85A4-802B2B87EBAB" comLinkType="cltPageLink"/>
  </page>
  <page ID="44404E8B-48C0-E711-9E7D-787B8ABCE684">
    <linkSource sourcePageID="00FA5D72-45C0-E711-9E7D-787B8ABCE684" comID="CE56964D-48C0-E711-9E7D-787B8ABCE684" comLinkType="cltPageLink"/>
    <linkSource sourcePageID="FA9BA43F-4AC0-E711-9E7D-787B8ABCE684" comID="8C1EFDF1-48C0-E711-9E7D-787B8ABCE684" comLinkType="cltPageLink"/>
  </page>
  <page ID="FA9BA43F-4AC0-E711-9E7D-787B8ABCE684">
    <linkSource sourcePageID="44404E8B-48C0-E711-9E7D-787B8ABCE684" comID="7E6346D5-49C0-E711-9E7D-787B8ABCE684" comLinkType="cltPageLink"/>
  </page>
  <page ID="2E6F2FB7-4AC0-E711-9E7D-787B8ABCE684">
    <linkSource sourcePageID="FA9BA43F-4AC0-E711-9E7D-787B8ABCE684" comID="7E6346D5-49C0-E711-9E7D-787B8ABCE684" comLinkType="cltPageLink"/>
  </page>
  <page ID="00CD78E3-59C0-E711-9E7D-787B8ABCE684">
    <linkSource sourcePageID="2E6F2FB7-4AC0-E711-9E7D-787B8ABCE684" comID="8C324CC4-59C0-E711-9E7D-787B8ABCE684" comLinkType="cltPageLink"/>
    <linkSource sourcePageID="2E6F2FB7-4AC0-E711-9E7D-787B8ABCE684" comID="9EB657AF-59C0-E711-9E7D-787B8ABCE684" comLinkType="cltPageLink"/>
  </page>
  <page ID="AC071669-5AC0-E711-9E7D-787B8ABCE684">
    <linkSource sourcePageID="D4D11FC9-62C0-E711-9E7D-787B8ABCE684" comID="A80368F5-74C0-E711-9E7D-787B8ABCE684" comLinkType="cltPageLink"/>
    <linkSource sourcePageID="D2DCC886-66C0-E711-9E7D-787B8ABCE684" comID="FCC41721-75C0-E711-9E7D-787B8ABCE684" comLinkType="cltPageLink"/>
    <linkSource sourcePageID="5432EC8A-67C0-E711-9E7D-787B8ABCE684" comID="C64B8E6D-75C0-E711-9E7D-787B8ABCE684" comLinkType="cltPageLink"/>
    <linkSource sourcePageID="00CD78E3-59C0-E711-9E7D-787B8ABCE684" comID="50B88DF2-59C0-E711-9E7D-787B8ABCE684" comLinkType="cltPageLink"/>
    <linkSource sourcePageID="00CD78E3-59C0-E711-9E7D-787B8ABCE684" comID="8CB88DF2-59C0-E711-9E7D-787B8ABCE684" comLinkType="cltPageLink"/>
    <linkSource sourcePageID="989C1ED1-63C0-E711-9E7D-787B8ABCE684" comID="5671DBC1-64C0-E711-9E7D-787B8ABCE684" comLinkType="cltPageLink"/>
    <linkSource sourcePageID="88622468-2E34-48AE-991A-E630C1F9952F" comID="93442B95-7AEB-4958-98EE-AC2B0262A080" comLinkType="cltPageLink"/>
    <linkSource sourcePageID="0439DC47-68C0-E711-9E7D-787B8ABCE684" comID="E5FC8E8A-5319-4E8C-AEA8-C6F49EEC43EA" comLinkType="cltPageLink"/>
    <linkSource sourcePageID="0439DC47-68C0-E711-9E7D-787B8ABCE684" comID="B998E6D5-FF75-4BD2-AAAD-5615B2231DE3" comLinkType="cltPageLink"/>
    <linkSource sourcePageID="B941D25F-9B6B-4F5A-ABB1-2A94687F9CE5" comID="7D5AF05A-6B8B-411C-874D-59B54D6CE199" comLinkType="cltPageLink"/>
    <linkSource sourcePageID="AC071669-5AC0-E711-9E7D-787B8ABCE684" comID="7387EE15-8990-488D-927D-918DEEC87C44" comLinkType="cltPageLink"/>
  </page>
  <page ID="0439DC47-68C0-E711-9E7D-787B8ABCE684">
    <linkSource sourcePageID="D4D11FC9-62C0-E711-9E7D-787B8ABCE684" comID="300868F5-74C0-E711-9E7D-787B8ABCE684" comLinkType="cltPageLink"/>
    <linkSource sourcePageID="D2DCC886-66C0-E711-9E7D-787B8ABCE684" comID="7AC91721-75C0-E711-9E7D-787B8ABCE684" comLinkType="cltPageLink"/>
    <linkSource sourcePageID="5432EC8A-67C0-E711-9E7D-787B8ABCE684" comID="44508E6D-75C0-E711-9E7D-787B8ABCE684" comLinkType="cltPageLink"/>
    <linkSource sourcePageID="0439DC47-68C0-E711-9E7D-787B8ABCE684" comID="DA8E1A80-75C0-E711-9E7D-787B8ABCE684" comLinkType="cltPageLink"/>
  </page>
  <page ID="D2DCC886-66C0-E711-9E7D-787B8ABCE684">
    <linkSource sourcePageID="D4D11FC9-62C0-E711-9E7D-787B8ABCE684" comID="F60568F5-74C0-E711-9E7D-787B8ABCE684" comLinkType="cltPageLink"/>
    <linkSource sourcePageID="D2DCC886-66C0-E711-9E7D-787B8ABCE684" comID="40C71721-75C0-E711-9E7D-787B8ABCE684" comLinkType="cltPageLink"/>
    <linkSource sourcePageID="5432EC8A-67C0-E711-9E7D-787B8ABCE684" comID="0A4E8E6D-75C0-E711-9E7D-787B8ABCE684" comLinkType="cltPageLink"/>
    <linkSource sourcePageID="0439DC47-68C0-E711-9E7D-787B8ABCE684" comID="A08C1A80-75C0-E711-9E7D-787B8ABCE684" comLinkType="cltPageLink"/>
  </page>
  <page ID="D4D11FC9-62C0-E711-9E7D-787B8ABCE684">
    <linkSource sourcePageID="D4D11FC9-62C0-E711-9E7D-787B8ABCE684" comID="D40468F5-74C0-E711-9E7D-787B8ABCE684" comLinkType="cltPageLink"/>
    <linkSource sourcePageID="D2DCC886-66C0-E711-9E7D-787B8ABCE684" comID="28C61721-75C0-E711-9E7D-787B8ABCE684" comLinkType="cltPageLink"/>
    <linkSource sourcePageID="5432EC8A-67C0-E711-9E7D-787B8ABCE684" comID="F24C8E6D-75C0-E711-9E7D-787B8ABCE684" comLinkType="cltPageLink"/>
    <linkSource sourcePageID="0439DC47-68C0-E711-9E7D-787B8ABCE684" comID="888B1A80-75C0-E711-9E7D-787B8ABCE684" comLinkType="cltPageLink"/>
  </page>
  <page ID="5432EC8A-67C0-E711-9E7D-787B8ABCE684">
    <linkSource sourcePageID="D4D11FC9-62C0-E711-9E7D-787B8ABCE684" comID="180768F5-74C0-E711-9E7D-787B8ABCE684" comLinkType="cltPageLink"/>
    <linkSource sourcePageID="D2DCC886-66C0-E711-9E7D-787B8ABCE684" comID="62C81721-75C0-E711-9E7D-787B8ABCE684" comLinkType="cltPageLink"/>
    <linkSource sourcePageID="5432EC8A-67C0-E711-9E7D-787B8ABCE684" comID="2C4F8E6D-75C0-E711-9E7D-787B8ABCE684" comLinkType="cltPageLink"/>
    <linkSource sourcePageID="0439DC47-68C0-E711-9E7D-787B8ABCE684" comID="C28D1A80-75C0-E711-9E7D-787B8ABCE684" comLinkType="cltPageLink"/>
  </page>
  <page ID="989C1ED1-63C0-E711-9E7D-787B8ABCE684">
    <linkSource sourcePageID="AC071669-5AC0-E711-9E7D-787B8ABCE684" comID="521D0E49-76C0-E711-9E7D-787B8ABCE684" comLinkType="cltPageLink"/>
  </page>
</LinkSources>