﻿<mockup version="5.3" minAllowVersion="5.3" ID="00FA5D72-45C0-E711-9E7D-787B8ABCE684" platform="MtMobile" defaultW="375" defaultH="667" measureW="375" measureH="667" screenOrientation="MoPortrait" mobileScreenScale="1.77777779102325">
  <controls controlCount="16">
    <control controlID="2CB4AAAB-47C0-E711-9E7D-787B8ABCE684" controlTypeID="StatusBar(IOS)" x="0" y="0" w="375" h="20" zOrder="0">
      <color>0</color>
    </control>
    <control controlID="E8104DAF-47C0-E711-9E7D-787B8ABCE684" controlTypeID="Icon" x="10" y="30" w="20" h="20" zOrder="1">
      <color>4294967295</color>
      <links eventType="AtClick" animate="AmNone" animateAutoDelay="0" animateDuration="500">
        <link targetPageID="18B48659-45C0-E711-9E7D-787B8ABCE684" linkType="ltPageLink" isApplyIncludePage="False" title="Welcome">
          <area shape="0" alt="" ID="{321797D2-75C0-E711-9E7D-787B8ABCE684}" coords="(0,0,20,20)"/>
        </link>
      </links>
      <icon>
        <ID/>
        <iconFontName>jdIonicons</iconFontName>
        <iconCode>62418</iconCode>
      </icon>
      <URL>91852B86E51F760894554368302F9800.svg</URL>
    </control>
    <control controlID="40C7EBBB-47C0-E711-9E7D-787B8ABCE684" controlTypeID="Label" x="255" y="34" w="104" h="17" zOrder="2">
      <font family="Arial" displayName="Arial" postScript="" weightStyle="Regular" weight="400" isBold="False" isItalic="False"/>
      <text>Forgot+password</text>
      <textColor>4294967295</textColor>
      <lineSpacing>0</lineSpacing>
      <selectedIndex>-1</selectedIndex>
    </control>
    <control controlID="EAAAF3C6-47C0-E711-9E7D-787B8ABCE684" controlTypeID="Label" x="15" y="94" w="76" h="33" zOrder="3">
      <font family="Arial" displayName="Arial" postScript="" weightStyle="Regular" weight="400" isBold="False" isItalic="False"/>
      <text>Log+in</text>
      <textColor>4294967295</textColor>
      <textSize>28</textSize>
      <lineSpacing>0</lineSpacing>
      <useDefaultTextSize>False</useDefaultTextSize>
      <selectedIndex>-1</selectedIndex>
    </control>
    <control controlID="3EFD97D1-47C0-E711-9E7D-787B8ABCE684" controlTypeID="Label" x="15" y="180" w="34" h="17" zOrder="4">
      <font family="Arial" displayName="Arial" postScript="" weightStyle="Regular" weight="400" isBold="False" isItalic="False"/>
      <text>Login</text>
      <textColor>4294967295</textColor>
      <lineSpacing>0</lineSpacing>
      <selectedIndex>-1</selectedIndex>
    </control>
    <control controlID="60B69B06-48C0-E711-9E7D-787B8ABCE684" controlTypeID="Label" x="15" y="276" w="81" h="17" zOrder="5">
      <font family="Arial" displayName="Arial" postScript="" weightStyle="Regular" weight="400" isBold="False" isItalic="False"/>
      <text>PASSWORD</text>
      <textColor>4294967295</textColor>
      <lineSpacing>0</lineSpacing>
      <selectedIndex>-1</selectedIndex>
    </control>
    <control controlID="B2D82F1C-48C0-E711-9E7D-787B8ABCE684" controlTypeID="Label" x="319" y="276" w="35" h="17" zOrder="6">
      <font family="Arial" displayName="Arial" postScript="" weightStyle="Regular" weight="400" isBold="False" isItalic="False"/>
      <text>Show</text>
      <textColor>4294967295</textColor>
      <lineSpacing>0</lineSpacing>
      <selectedIndex>-1</selectedIndex>
    </control>
    <control controlID="A22E5EF8-47C0-E711-9E7D-787B8ABCE684" controlTypeID="Line" x="14" y="249" w="346" h="1" zOrder="7">
      <color>4292335575</color>
      <font family="Arial" displayName="Arial" postScript="" weightStyle="Regular" weight="400" isBold="False" isItalic="False"/>
      <textSize>14</textSize>
      <lineSpacing>0</lineSpacing>
      <selectedIndex>-1</selectedIndex>
      <controlPoint>(173,0)</controlPoint>
      <startPoint>(0,0)</startPoint>
      <endPoint>(346,0)</endPoint>
    </control>
    <control controlID="C420AB2D-48C0-E711-9E7D-787B8ABCE684" controlTypeID="Line" x="15" y="350" w="346" h="1" zOrder="8">
      <color>4292335575</color>
      <font family="Arial" displayName="Arial" postScript="" weightStyle="Regular" weight="400" isBold="False" isItalic="False"/>
      <textSize>14</textSize>
      <lineSpacing>0</lineSpacing>
      <selectedIndex>-1</selectedIndex>
      <controlPoint>(173,0)</controlPoint>
      <startPoint>(0,0)</startPoint>
      <endPoint>(346,0)</endPoint>
    </control>
    <control controlID="CE56964D-48C0-E711-9E7D-787B8ABCE684" controlTypeID="IconButton2" x="310" y="381" w="50" h="50" zOrder="9">
      <borderVisible>False</borderVisible>
      <links eventType="AtClick" animate="AmNone" animateAutoDelay="0" animateDuration="500">
        <link targetPageID="44404E8B-48C0-E711-9E7D-787B8ABCE684" linkType="ltPageLink" isApplyIncludePage="False" title="Email+Address">
          <area shape="0" alt="" ID="{A2B830DC-75C0-E711-9E7D-787B8ABCE684}" coords="(0,0,50,50)"/>
        </link>
      </links>
      <groupChildrenDescriptors>
        <control controlID="C460964D-48C0-E711-9E7D-787B8ABCE684" controlTypeID="Shape" x="0" y="0" w="50" h="50" zOrder="0">
          <color>4293190884</color>
          <borderVisible>False</borderVisible>
          <canMove>False</canMove>
          <alias>shape</alias>
          <font family="Arial" displayName="Arial" postScript="" weightStyle="Regular" weight="400" isBold="False" isItalic="False"/>
          <textSize>14</textSize>
          <selectedIndex>-1</selectedIndex>
          <shapeBorderType>SbEllipse</shapeBorderType>
        </control>
        <control controlID="4283964D-48C0-E711-9E7D-787B8ABCE684" controlTypeID="Icon" x="9" y="9" w="32" h="32" zOrder="1">
          <color>4288256409</color>
          <canMove>False</canMove>
          <alias>icon</alias>
          <icon>
            <ID/>
            <iconFontName>jdIonicons</iconFontName>
            <iconCode>62419</iconCode>
          </icon>
          <URL>2E967326C22523F5F084001B9F4E5BC7.svg</URL>
        </control>
        <control controlID="0E8A964D-48C0-E711-9E7D-787B8ABCE684" controlTypeID="Label" x="2" y="1" w="29" h="14" zOrder="2">
          <canMove>False</canMove>
          <alias>label</alias>
          <font family="Arial" displayName="Arial" postScript="" weightStyle="Regular" weight="400" isBold="False" isItalic="False"/>
          <text>Label</text>
          <textSize>12</textSize>
          <textAlign>HaCenter</textAlign>
          <lineSpacing>0</lineSpacing>
          <selectedIndex>-1</selectedIndex>
        </control>
        <control controlID="B2CC964D-48C0-E711-9E7D-787B8ABCE684" controlTypeID="Shape" x="32" y="0" w="18" h="17" zOrder="3">
          <color>4294901760</color>
          <borderVisible>False</borderVisible>
          <canMove>False</canMove>
          <alias>alarm</alias>
          <font family="Arial" displayName="Arial" postScript="" weightStyle="Regular" weight="400" isBold="False" isItalic="False"/>
          <text>2</text>
          <textColor>4294967295</textColor>
          <textSize>11</textSize>
          <selectedIndex>-1</selectedIndex>
          <radius>100</radius>
          <radiusIsPercent>True</radiusIsPercent>
        </control>
      </groupChildrenDescriptors>
      <iconSize>32</iconSize>
    </control>
    <control controlID="0A0652A1-48C0-E711-9E7D-787B8ABCE684" controlTypeID="TextInput" x="78" y="206" w="287" h="39" zOrder="10">
      <color>16777215</color>
      <borderVisible>False</borderVisible>
      <font family="Arial" displayName="Arial" postScript="" weightStyle="Regular" weight="400" isBold="False" isItalic="False"/>
      <textColor>4294967295</textColor>
      <lineSpacing>0</lineSpacing>
      <selectedIndex>-1</selectedIndex>
    </control>
    <control controlID="125202AC-48C0-E711-9E7D-787B8ABCE684" controlTypeID="TextInput" x="15" y="306" w="345" h="39" zOrder="11">
      <color>16777215</color>
      <borderVisible>False</borderVisible>
      <font family="Arial" displayName="Arial" postScript="" weightStyle="Regular" weight="400" isBold="False" isItalic="False"/>
      <textColor>4294967295</textColor>
      <lineSpacing>0</lineSpacing>
      <selectedIndex>-1</selectedIndex>
      <inputModel>emPassword</inputModel>
    </control>
  </controls>
  <param>
    <backgroundColor>4288256409</backgroundColor>
    <fontSize>14</fontSize>
    <fontFamily>Arial</fontFamily>
    <guideLines/>
  </param>
</mockup>