﻿<mockup version="5.3" minAllowVersion="5.3" ID="0439DC47-68C0-E711-9E7D-787B8ABCE684" platform="MtMobile" defaultW="375" defaultH="667" measureW="375" measureH="676" screenOrientation="MoPortrait" mobileScreenScale="1.77777779102325" clipArea="(0,23,375,619)">
  <controls controlCount="29">
    <control controlID="6C0AB0B2-68C0-E711-9E7D-787B8ABCE684" controlTypeID="StatusBar(IOS)" x="0" y="0" w="375" h="20" zOrder="0">
      <color>0</color>
      <ForegroundColor>4278190080</ForegroundColor>
      <IsAutoTextColor>False</IsAutoTextColor>
    </control>
    <control controlID="14628FBA-68C0-E711-9E7D-787B8ABCE684" controlTypeID="Label" x="20" y="84" w="135" h="33" zOrder="1">
      <font family="Arial" displayName="Arial+Bold" postScript="" weightStyle="Bold" weight="700" isBold="True" isItalic="False"/>
      <text>Username</text>
      <textSize>28</textSize>
      <lineSpacing>0</lineSpacing>
      <textStyles>[fsBold]</textStyles>
      <useDefaultTextSize>False</useDefaultTextSize>
      <selectedIndex>-1</selectedIndex>
    </control>
    <control controlID="26A555FE-68C0-E711-9E7D-787B8ABCE684" controlTypeID="Label" x="20" y="126" w="126" h="17" zOrder="2">
      <font family="Arial" displayName="Arial" postScript="" weightStyle="Regular" weight="400" isBold="False" isItalic="False"/>
      <text>View+and+edit+profile</text>
      <textColor>4284900966</textColor>
      <lineSpacing>0</lineSpacing>
      <selectedIndex>-1</selectedIndex>
    </control>
    <control controlID="466091DA-6BC0-E711-9E7D-787B8ABCE684" controlTypeID="AvatarEx2" x="293" y="85" w="64" h="64" zOrder="3">
      <color>4284900966</color>
      <borderVisible>False</borderVisible>
      <avatarColorStyle>asGray</avatarColorStyle>
      <avatarShapeStyle>asCircle</avatarShapeStyle>
      <icon>
        <ID/>
        <iconFontName>jdiconfontB</iconFontName>
        <iconCode>59652</iconCode>
      </icon>
      <URL>467605F5F90D9FF65132C1A6EF883F26.svg</URL>
    </control>
    <control controlID="FE5F022A-6CC0-E711-9E7D-787B8ABCE684" controlTypeID="Line" x="12" y="242" w="337" h="2" zOrder="4">
      <color>4293190884</color>
      <font family="Arial" displayName="Arial" postScript="" weightStyle="Regular" weight="400" isBold="False" isItalic="False"/>
      <textSize>14</textSize>
      <lineSpacing>0</lineSpacing>
      <selectedIndex>-1</selectedIndex>
      <controlPoint>(169,1)</controlPoint>
      <startPoint>(1,1)</startPoint>
      <endPoint>(337,1)</endPoint>
    </control>
    <control controlID="A053032A-6CC0-E711-9E7D-787B8ABCE684" controlTypeID="Label" x="12" y="197" w="65" h="21" zOrder="5">
      <font family="Arial" displayName="Arial" postScript="" weightStyle="Regular" weight="400" isBold="False" isItalic="False"/>
      <text>Settings</text>
      <textColor>4284900966</textColor>
      <textSize>18</textSize>
      <lineSpacing>0</lineSpacing>
      <useDefaultTextSize>False</useDefaultTextSize>
      <selectedIndex>-1</selectedIndex>
    </control>
    <control controlID="C4B6032A-6CC0-E711-9E7D-787B8ABCE684" controlTypeID="Icon" x="324" y="195" w="25" h="25" zOrder="6">
      <icon>
        <ID/>
        <iconFontName>jdIonicons</iconFontName>
        <iconCode>62524</iconCode>
      </icon>
      <URL>6BA4F209C7686A63DAEE2CC7605550E2.svg</URL>
    </control>
    <control controlID="4447E230-6CC0-E711-9E7D-787B8ABCE684" controlTypeID="Label" x="12" y="270" w="68" h="21" zOrder="7">
      <font family="Arial" displayName="Arial" postScript="" weightStyle="Regular" weight="400" isBold="False" isItalic="False"/>
      <text>Get+help</text>
      <textColor>4284900966</textColor>
      <textSize>18</textSize>
      <lineSpacing>0</lineSpacing>
      <useDefaultTextSize>False</useDefaultTextSize>
      <selectedIndex>-1</selectedIndex>
    </control>
    <control controlID="6EA9E230-6CC0-E711-9E7D-787B8ABCE684" controlTypeID="Icon" x="324" y="268" w="25" h="25" zOrder="8">
      <icon>
        <ID/>
        <iconFontName>jdIonicons</iconFontName>
        <iconCode>62532</iconCode>
      </icon>
      <URL>06A0D0852E7680250DB934DBC4675548.svg</URL>
    </control>
    <control controlID="06A1874C-6CC0-E711-9E7D-787B8ABCE684" controlTypeID="Line" x="10" y="375" w="337" h="2" zOrder="9">
      <color>4293190884</color>
      <font family="Arial" displayName="Arial" postScript="" weightStyle="Regular" weight="400" isBold="False" isItalic="False"/>
      <textSize>14</textSize>
      <lineSpacing>0</lineSpacing>
      <selectedIndex>-1</selectedIndex>
      <controlPoint>(169,1)</controlPoint>
      <startPoint>(1,1)</startPoint>
      <endPoint>(337,1)</endPoint>
    </control>
    <control controlID="A4EE874C-6CC0-E711-9E7D-787B8ABCE684" controlTypeID="Label" x="10" y="330" w="139" h="21" zOrder="10">
      <font family="Arial" displayName="Arial" postScript="" weightStyle="Regular" weight="400" isBold="False" isItalic="False"/>
      <text>Give+us+feedback</text>
      <textColor>4284900966</textColor>
      <textSize>18</textSize>
      <lineSpacing>0</lineSpacing>
      <useDefaultTextSize>False</useDefaultTextSize>
      <selectedIndex>-1</selectedIndex>
    </control>
    <control controlID="E84F884C-6CC0-E711-9E7D-787B8ABCE684" controlTypeID="Icon" x="322" y="328" w="25" h="25" zOrder="11">
      <icon>
        <ID/>
        <iconFontName>jdIcoMoonFree</iconFontName>
        <iconCode>59686</iconCode>
      </icon>
      <URL>FD7DD79F0BC024568CBAC3F36815299E.svg</URL>
    </control>
    <control controlID="52073405-E564-4C68-8360-0075C4FE43DE" controlTypeID="Shape" x="0" y="620" w="375" h="56" zOrder="12">
      <borderColor>4293190884</borderColor>
      <font family="Arial" displayName="Arial" postScript="" weightStyle="Regular" weight="400" isBold="False" isItalic="False"/>
      <textSize>14</textSize>
      <selectedIndex>-1</selectedIndex>
      <borderMode>[bmTop]</borderMode>
    </control>
    <control controlID="B998E6D5-FF75-4BD2-AAAD-5615B2231DE3" controlTypeID="IconLabel2" x="50" y="628" w="34" h="40" zOrder="13">
      <links eventType="AtClick" animate="AmNone" animateAutoDelay="0" animateDuration="500">
        <link targetPageID="AC071669-5AC0-E711-9E7D-787B8ABCE684" linkType="ltPageLink" isApplyIncludePage="False" title="Home">
          <area shape="0" alt="" ID="{248268F5-74C0-E711-9E7D-787B8ABCE684}" coords="(0,0,34,40)"/>
        </link>
      </links>
      <groupChildrenDescriptors>
        <control controlID="D45442C5-A37E-44BE-A81D-917ED585A32F" controlTypeID="Shape" x="5" y="0" w="24" h="24" zOrder="0">
          <canMove>False</canMove>
          <alias>shape</alias>
          <font family="Arial" displayName="Arial" postScript="" weightStyle="Regular" weight="400" isBold="False" isItalic="False"/>
          <textSize>14</textSize>
          <selectedIndex>-1</selectedIndex>
        </control>
        <control controlID="73B97D39-9DE8-4110-BF47-554F3842A686" controlTypeID="Icon" x="5" y="0" w="24" h="24" zOrder="1">
          <color>4288256409</color>
          <canMove>False</canMove>
          <alias>icon</alias>
          <icon>
            <ID/>
            <iconFontName>jdIonicons</iconFontName>
            <iconCode>62351</iconCode>
          </icon>
          <URL>00B95EF219967F400695DB20B0044ACF.svg</URL>
        </control>
        <control controlID="7A94149E-4F3B-4787-985B-0AB0F6299A37" controlTypeID="Label" x="2" y="28" w="30" h="12" zOrder="2">
          <canMove>False</canMove>
          <alias>label</alias>
          <font family="Arial" displayName="Arial" postScript="" weightStyle="Regular" weight="400" isBold="False" isItalic="False"/>
          <text>HOME</text>
          <textColor>4288256409</textColor>
          <textSize>10</textSize>
          <textAlign>HaCenter</textAlign>
          <lineSpacing>0</lineSpacing>
          <useDefaultTextSize>False</useDefaultTextSize>
          <selectedIndex>-1</selectedIndex>
        </control>
        <control controlID="772ECF88-62B0-40F7-96D1-A987D3E9F16C" controlTypeID="Shape" x="21" y="0" w="13" h="12" zOrder="3">
          <color>4294901760</color>
          <borderVisible>False</borderVisible>
          <canMove>False</canMove>
          <alias>alarm</alias>
          <font family="Arial" displayName="Arial" postScript="" weightStyle="Regular" weight="400" isBold="False" isItalic="False"/>
          <text>2</text>
          <textColor>4294967295</textColor>
          <textSize>7</textSize>
          <selectedIndex>-1</selectedIndex>
          <radius>100</radius>
          <radiusIsPercent>True</radiusIsPercent>
        </control>
      </groupChildrenDescriptors>
    </control>
    <control controlID="E624D192-F4BF-4DA4-88D2-83B26E0C146A" controlTypeID="IconLabel2" x="144" y="628" w="80" h="40" zOrder="14">
      <groupChildrenDescriptors>
        <control controlID="A09D8AB9-CEC8-4948-966E-FFCB7C7768DE" controlTypeID="Shape" x="28" y="0" w="24" h="24" zOrder="0">
          <canMove>False</canMove>
          <alias>shape</alias>
          <font family="Arial" displayName="Arial" postScript="" weightStyle="Regular" weight="400" isBold="False" isItalic="False"/>
          <textSize>14</textSize>
          <selectedIndex>-1</selectedIndex>
        </control>
        <control controlID="FA73D985-2FF5-4070-A894-944BA2A218B4" controlTypeID="Icon" x="28" y="0" w="24" h="24" zOrder="1">
          <color>4288256409</color>
          <canMove>False</canMove>
          <alias>icon</alias>
          <icon>
            <ID/>
            <iconFontName>jdIonicons</iconFontName>
            <iconCode>62363</iconCode>
          </icon>
          <URL>465F7420215F741122FE38BF5E1BDDD8.svg</URL>
        </control>
        <control controlID="6BF5A0DD-BF04-4758-92A8-F40FDC6398BD" controlTypeID="Label" x="2" y="28" w="76" h="12" zOrder="2">
          <canMove>False</canMove>
          <alias>label</alias>
          <font family="Arial" displayName="Arial" postScript="" weightStyle="Regular" weight="400" isBold="False" isItalic="False"/>
          <text>NOTIFICATIONS</text>
          <textColor>4288256409</textColor>
          <textSize>10</textSize>
          <textAlign>HaCenter</textAlign>
          <lineSpacing>0</lineSpacing>
          <useDefaultTextSize>False</useDefaultTextSize>
          <selectedIndex>-1</selectedIndex>
        </control>
        <control controlID="64D9107E-64CF-4189-952C-226D8B938B2C" controlTypeID="Shape" x="67" y="0" w="13" h="12" zOrder="3">
          <color>4294901760</color>
          <borderVisible>False</borderVisible>
          <canMove>False</canMove>
          <alias>alarm</alias>
          <font family="Arial" displayName="Arial" postScript="" weightStyle="Regular" weight="400" isBold="False" isItalic="False"/>
          <text>2</text>
          <textColor>4294967295</textColor>
          <textSize>7</textSize>
          <selectedIndex>-1</selectedIndex>
          <radius>100</radius>
          <radiusIsPercent>True</radiusIsPercent>
        </control>
      </groupChildrenDescriptors>
    </control>
    <control controlID="D5560D30-28A0-42EF-AA91-1B2427B02655" controlTypeID="IconLabel2" x="280" y="628" w="47" h="40" zOrder="15">
      <groupChildrenDescriptors>
        <control controlID="CF54957D-8428-4DA2-8D64-147A5DCD3A0D" controlTypeID="Shape" x="12" y="0" w="24" h="24" zOrder="0">
          <canMove>False</canMove>
          <alias>shape</alias>
          <font family="Arial" displayName="Arial" postScript="" weightStyle="Regular" weight="400" isBold="False" isItalic="False"/>
          <textSize>14</textSize>
          <selectedIndex>-1</selectedIndex>
        </control>
        <control controlID="CEDC2B57-6B7F-4BB2-A49D-2CA3D5A571B6" controlTypeID="Icon" x="12" y="0" w="24" h="24" zOrder="1">
          <color>4288256409</color>
          <canMove>False</canMove>
          <alias>icon</alias>
          <icon>
            <ID/>
            <iconFontName>jdIonicons</iconFontName>
            <iconCode>62368</iconCode>
          </icon>
          <URL>B91434690C5B5224D1CC6B1998F1178A.svg</URL>
        </control>
        <control controlID="DA1E3352-C216-453A-A1B3-B418C3F75B96" controlTypeID="Label" x="2" y="28" w="43" h="12" zOrder="2">
          <canMove>False</canMove>
          <alias>label</alias>
          <font family="Arial" displayName="Arial" postScript="" weightStyle="Regular" weight="400" isBold="False" isItalic="False"/>
          <text>PROFILE</text>
          <textColor>4288256409</textColor>
          <textSize>10</textSize>
          <textAlign>HaCenter</textAlign>
          <lineSpacing>0</lineSpacing>
          <useDefaultTextSize>False</useDefaultTextSize>
          <selectedIndex>-1</selectedIndex>
        </control>
        <control controlID="C9DF39B6-7D16-4D0D-B709-5DB508D854DD" controlTypeID="Shape" x="41" y="0" w="6" h="6" zOrder="3">
          <color>4294901760</color>
          <borderVisible>False</borderVisible>
          <canMove>False</canMove>
          <alias>alarm</alias>
          <font family="Arial" displayName="Arial" postScript="" weightStyle="Regular" weight="400" isBold="False" isItalic="False"/>
          <textColor>4294967295</textColor>
          <textSize>3</textSize>
          <selectedIndex>-1</selectedIndex>
          <radius>100</radius>
          <radiusIsPercent>True</radiusIsPercent>
        </control>
      </groupChildrenDescriptors>
      <showAlarm>True</showAlarm>
    </control>
    <control controlID="428F74C7-5F5E-407F-971F-24905A924AA2" controlTypeID="Line" x="10" y="311" w="337" h="2" zOrder="16">
      <color>4293190884</color>
      <font family="Arial" displayName="Arial" postScript="" weightStyle="Regular" weight="400" isBold="False" isItalic="False"/>
      <textSize>14</textSize>
      <lineSpacing>0</lineSpacing>
      <selectedIndex>-1</selectedIndex>
      <controlPoint>(169,1)</controlPoint>
      <startPoint>(1,1)</startPoint>
      <endPoint>(337,1)</endPoint>
    </control>
  </controls>
  <param>
    <backgroundColor>4294967295</backgroundColor>
    <fontSize>14</fontSize>
    <fontFamily>Arial</fontFamily>
    <guideLines/>
  </param>
</mockup>