﻿<mockup version="5.3" minAllowVersion="5.3" ID="00CD78E3-59C0-E711-9E7D-787B8ABCE684" platform="MtMobile" defaultW="375" defaultH="667" measureW="375" measureH="667" screenOrientation="MoPortrait" mobileScreenScale="1.77777779102325">
  <controls controlCount="5">
    <control controlID="56B78DF2-59C0-E711-9E7D-787B8ABCE684" controlTypeID="StatusBar(IOS)" x="0" y="0" w="375" h="20" zOrder="0">
      <color>0</color>
      <ForegroundColor>4278190080</ForegroundColor>
      <IsAutoTextColor>False</IsAutoTextColor>
    </control>
    <control controlID="A6B78DF2-59C0-E711-9E7D-787B8ABCE684" controlTypeID="Icon" x="20" y="75" w="55" h="55" zOrder="1">
      <icon>
        <ID/>
        <iconFontName>jdIonicons</iconFontName>
        <iconCode>62553</iconCode>
      </icon>
      <URL>D7E33E6E51D883E1F80271285DA2DDB1.svg</URL>
    </control>
    <control controlID="50598905-5AC0-E711-9E7D-787B8ABCE684" controlTypeID="TextArea" x="20" y="153" w="330" h="63" zOrder="2">
      <font family="Arial" displayName="Arial+Bold" postScript="" weightStyle="Bold" weight="700" isBold="True" isItalic="False"/>
      <text>Register+your+home</text>
      <textColor>4281545523</textColor>
      <textSize>28</textSize>
      <textStyles>[fsBold]</textStyles>
      <useDefaultTextSize>False</useDefaultTextSize>
      <selectedIndex>-1</selectedIndex>
    </control>
    <control controlID="16524716-CD68-4673-993B-FC08181F0F2A" controlTypeID="TextInput" x="12" y="239" w="351" h="39" zOrder="3">
      <color>16777215</color>
      <borderVisible>False</borderVisible>
      <font family="Arial" displayName="Arial" postScript="" weightStyle="Regular" weight="400" isBold="False" isItalic="False"/>
      <textColor>4294967295</textColor>
      <lineSpacing>0</lineSpacing>
      <selectedIndex>-1</selectedIndex>
    </control>
    <control controlID="92A53B70-C70A-452C-98A1-AF65B46A0574" controlTypeID="TextField" x="13" y="226" w="350" h="39" zOrder="4">
      <font family="Arial" displayName="Arial" postScript="" weightStyle="Regular" weight="400" isBold="False" isItalic="False"/>
      <text>Insert+home+name</text>
      <textSize>14</textSize>
      <lineSpacing>0</lineSpacing>
      <selectedIndex>-1</selectedIndex>
    </control>
  </controls>
  <param>
    <backgroundColor>4294967295</backgroundColor>
    <fontSize>14</fontSize>
    <fontFamily>Arial</fontFamily>
    <guideLines/>
  </param>
</mockup>