﻿<mockup version="5.3" minAllowVersion="5.3" ID="18B48659-45C0-E711-9E7D-787B8ABCE684" platform="MtMobile" defaultW="375" defaultH="667" measureW="375" measureH="667" screenOrientation="MoPortrait" mobileScreenScale="1.77777779102325" clipArea="(0,0,0,0)">
  <controls controlCount="5">
    <control controlID="BC285F68-45C0-E711-9E7D-787B8ABCE684" controlTypeID="StatusBar(IOS)" x="0" y="0" w="375" h="20" zOrder="0">
      <color>0</color>
      <IsAutoTextColor>False</IsAutoTextColor>
    </control>
    <control controlID="CED480A6-45C0-E711-9E7D-787B8ABCE684" controlTypeID="Image" x="52" y="20" w="272" h="255" zOrder="1">
      <caption>Logo</caption>
      <URL>D33BE010683D99506A5F1740B3045694.png</URL>
    </control>
    <control controlID="16A0E83E-46C0-E711-9E7D-787B8ABCE684" controlTypeID="Button" x="20" y="386" w="335" h="48" zOrder="2">
      <color>16777215</color>
      <borderColor>4294967295</borderColor>
      <links eventType="AtClick" animate="AmNone" animateAutoDelay="0" animateDuration="500">
        <link targetPageID="00FA5D72-45C0-E711-9E7D-787B8ABCE684" linkType="ltPageLink" isApplyIncludePage="False" title="Log+In">
          <area shape="0" alt="" ID="{1CA58ECC-75C0-E711-9E7D-787B8ABCE684}" coords="(0,0,335,48)"/>
        </link>
      </links>
      <font family="Arial" displayName="Arial" postScript="" weightStyle="Regular" weight="400" isBold="False" isItalic="False"/>
      <text>Create+Account</text>
      <textColor>4294967295</textColor>
      <textSize>18</textSize>
      <lineSpacing>0</lineSpacing>
      <useDefaultTextSize>False</useDefaultTextSize>
      <selectedIndex>-1</selectedIndex>
      <radius>100</radius>
      <radiusIsPercent>True</radiusIsPercent>
    </control>
    <control controlID="4817710B-EDD0-4625-AC98-E65D0E261D3F" controlTypeID="TextArea" x="42" y="212" w="284" h="88" zOrder="3">
      <font family="Arial" displayName="Arial" postScript="" weightStyle="Regular" weight="400" isBold="False" isItalic="False" useDefaultFontFamily="False"/>
      <text>Welcome+to+ProtectedHome</text>
      <textColor>4294967295</textColor>
      <textSize>40</textSize>
      <textAlign>HaCenter</textAlign>
      <selectedIndex>-1</selectedIndex>
    </control>
    <control controlID="67496195-63D7-4A54-85A4-802B2B87EBAB" controlTypeID="Button" x="20" y="328" w="335" h="48" zOrder="4">
      <color>16777215</color>
      <borderColor>4294967295</borderColor>
      <links eventType="AtClick" animate="AmNone" animateAutoDelay="0" animateDuration="500">
        <link targetPageID="00FA5D72-45C0-E711-9E7D-787B8ABCE684" linkType="ltPageLink" isApplyIncludePage="False" title="Log+In">
          <area shape="0" alt="" ID="{1CA58ECC-75C0-E711-9E7D-787B8ABCE684}" coords="(0,0,335,48)"/>
        </link>
      </links>
      <font family="Arial" displayName="Arial" postScript="" weightStyle="Regular" weight="400" isBold="False" isItalic="False"/>
      <text>Login</text>
      <textColor>4294967295</textColor>
      <textSize>18</textSize>
      <lineSpacing>0</lineSpacing>
      <useDefaultTextSize>False</useDefaultTextSize>
      <selectedIndex>-1</selectedIndex>
      <radius>100</radius>
      <radiusIsPercent>True</radiusIsPercent>
    </control>
  </controls>
  <param>
    <backgroundColor>4288256409</backgroundColor>
    <fontSize>14</fontSize>
    <fontFamily>Arial</fontFamily>
    <guideLines/>
  </param>
</mockup>