﻿<mockup version="5.3" minAllowVersion="5.3" ID="2E6F2FB7-4AC0-E711-9E7D-787B8ABCE684" platform="MtMobile" defaultW="375" defaultH="667" measureW="375" measureH="667" screenOrientation="MoPortrait" mobileScreenScale="1.77777779102325">
  <controls controlCount="6">
    <control controlID="EE72F9C9-4AC0-E711-9E7D-787B8ABCE684" controlTypeID="StatusBar(IOS)" x="0" y="0" w="375" h="20" zOrder="0">
      <color>0</color>
      <ForegroundColor>4278190080</ForegroundColor>
      <IsAutoTextColor>False</IsAutoTextColor>
    </control>
    <control controlID="662AECCF-4AC0-E711-9E7D-787B8ABCE684" controlTypeID="Icon" x="20" y="75" w="55" h="55" zOrder="1">
      <icon>
        <ID/>
        <iconFontName>jdFontAwesome</iconFontName>
        <iconCode>61669</iconCode>
      </icon>
      <URL>147F076E9266449FBF7B548C4DE33EFC.svg</URL>
    </control>
    <control controlID="BAADA2EC-4AC0-E711-9E7D-787B8ABCE684" controlTypeID="Label" x="20" y="138" w="293" h="33" zOrder="2">
      <font family="Arial" displayName="Arial+Bold" postScript="" weightStyle="Bold" weight="700" isBold="True" isItalic="False"/>
      <text>Turn+on+notifications%3F</text>
      <textColor>4281545523</textColor>
      <textSize>28</textSize>
      <lineSpacing>0</lineSpacing>
      <textStyles>[fsBold]</textStyles>
      <useDefaultTextSize>False</useDefaultTextSize>
      <selectedIndex>-1</selectedIndex>
    </control>
    <control controlID="606EFD52-4BC0-E711-9E7D-787B8ABCE684" controlTypeID="TextArea" x="20" y="189" w="335" h="84" zOrder="3">
      <font family="Arial" displayName="Arial" postScript="" weightStyle="Regular" weight="400" isBold="False" isItalic="False"/>
      <text>We+can+keep+you+notified+of+changes+in+your+home.</text>
      <textColor>4284900966</textColor>
      <textSize>20</textSize>
      <useDefaultTextSize>False</useDefaultTextSize>
      <selectedIndex>-1</selectedIndex>
    </control>
    <control controlID="9EB657AF-59C0-E711-9E7D-787B8ABCE684" controlTypeID="Button" x="20" y="283" w="168" h="48" zOrder="4">
      <color>4284900966</color>
      <borderVisible>False</borderVisible>
      <links eventType="AtClick" animate="AmNone" animateAutoDelay="0" animateDuration="500">
        <link targetPageID="00CD78E3-59C0-E711-9E7D-787B8ABCE684" linkType="ltPageLink" isApplyIncludePage="False" title="Sync">
          <area shape="0" alt="" ID="{4C7873E4-75C0-E711-9E7D-787B8ABCE684}" coords="(0,0,168,48)"/>
        </link>
      </links>
      <font family="Arial" displayName="Arial" postScript="" weightStyle="Regular" weight="400" isBold="False" isItalic="False"/>
      <text>Yes%2C+notify+me</text>
      <textColor>4294967295</textColor>
      <textSize>18</textSize>
      <lineSpacing>0</lineSpacing>
      <useDefaultTextSize>False</useDefaultTextSize>
      <selectedIndex>-1</selectedIndex>
    </control>
    <control controlID="8C324CC4-59C0-E711-9E7D-787B8ABCE684" controlTypeID="Button" x="20" y="347" w="88" h="48" zOrder="5">
      <color>6710886</color>
      <links eventType="AtClick" animate="AmNone" animateAutoDelay="0" animateDuration="500">
        <link targetPageID="00CD78E3-59C0-E711-9E7D-787B8ABCE684" linkType="ltPageLink" isApplyIncludePage="False" title="Sync">
          <area shape="0" alt="" ID="{04D473E4-75C0-E711-9E7D-787B8ABCE684}" coords="(0,0,88,48)"/>
        </link>
      </links>
      <font family="Arial" displayName="Arial" postScript="" weightStyle="Regular" weight="400" isBold="False" isItalic="False"/>
      <text>Skip</text>
      <textColor>4284900966</textColor>
      <textSize>18</textSize>
      <lineSpacing>0</lineSpacing>
      <useDefaultTextSize>False</useDefaultTextSize>
      <selectedIndex>-1</selectedIndex>
      <thickness>2</thickness>
    </control>
  </controls>
  <param>
    <backgroundColor>4294967295</backgroundColor>
    <fontSize>14</fontSize>
    <fontFamily>Arial</fontFamily>
    <guideLines/>
  </param>
</mockup>