﻿<mockup version="5.3" minAllowVersion="5.3" ID="88622468-2E34-48AE-991A-E630C1F9952F" platform="MtMobile" defaultW="375" defaultH="667" measureW="375" measureH="667" screenOrientation="MoPortrait" mobileScreenScale="1.77777779102325">
  <controls controlCount="25">
    <control controlID="5502A0F5-9B24-4F46-9B18-3923F62E2E09" controlTypeID="Shape" x="0" y="611" w="375" h="56" zOrder="0">
      <borderColor>4293190884</borderColor>
      <font family="Arial" displayName="Arial" postScript="" weightStyle="Regular" weight="400" isBold="False" isItalic="False"/>
      <textSize>14</textSize>
      <selectedIndex>-1</selectedIndex>
      <borderMode>[bmTop]</borderMode>
    </control>
    <control controlID="93442B95-7AEB-4958-98EE-AC2B0262A080" controlTypeID="IconLabel2" x="54" y="619" w="34" h="40" zOrder="1">
      <links eventType="AtClick" animate="AmNone" animateAutoDelay="0" animateDuration="500">
        <link targetPageID="AC071669-5AC0-E711-9E7D-787B8ABCE684" linkType="ltPageLink" isApplyIncludePage="False" title="Home">
          <area shape="0" alt="" ID="{248268F5-74C0-E711-9E7D-787B8ABCE684}" coords="(0,0,34,40)"/>
        </link>
      </links>
      <groupChildrenDescriptors>
        <control controlID="8263E201-C091-4449-993F-E0A7253C9311" controlTypeID="Shape" x="5" y="0" w="24" h="24" zOrder="0">
          <canMove>False</canMove>
          <alias>shape</alias>
          <font family="Arial" displayName="Arial" postScript="" weightStyle="Regular" weight="400" isBold="False" isItalic="False"/>
          <textSize>14</textSize>
          <selectedIndex>-1</selectedIndex>
        </control>
        <control controlID="4F2111F4-56A3-436D-9443-FF12A2C716A3" controlTypeID="Icon" x="5" y="0" w="24" h="24" zOrder="1">
          <color>4288256409</color>
          <canMove>False</canMove>
          <alias>icon</alias>
          <icon>
            <ID/>
            <iconFontName>jdIonicons</iconFontName>
            <iconCode>62351</iconCode>
          </icon>
          <URL>00B95EF219967F400695DB20B0044ACF.svg</URL>
        </control>
        <control controlID="2E96DB6F-CB6C-4B0E-83BD-C31E8307D508" controlTypeID="Label" x="2" y="28" w="30" h="12" zOrder="2">
          <canMove>False</canMove>
          <alias>label</alias>
          <font family="Arial" displayName="Arial" postScript="" weightStyle="Regular" weight="400" isBold="False" isItalic="False"/>
          <text>HOME</text>
          <textColor>4288256409</textColor>
          <textSize>10</textSize>
          <textAlign>HaCenter</textAlign>
          <lineSpacing>0</lineSpacing>
          <useDefaultTextSize>False</useDefaultTextSize>
          <selectedIndex>-1</selectedIndex>
        </control>
        <control controlID="6698FF11-A4D4-44B3-B0DF-8FE9522D16E1" controlTypeID="Shape" x="21" y="0" w="13" h="12" zOrder="3">
          <color>4294901760</color>
          <borderVisible>False</borderVisible>
          <canMove>False</canMove>
          <alias>alarm</alias>
          <font family="Arial" displayName="Arial" postScript="" weightStyle="Regular" weight="400" isBold="False" isItalic="False"/>
          <text>2</text>
          <textColor>4294967295</textColor>
          <textSize>7</textSize>
          <selectedIndex>-1</selectedIndex>
          <radius>100</radius>
          <radiusIsPercent>True</radiusIsPercent>
        </control>
      </groupChildrenDescriptors>
    </control>
    <control controlID="E1605331-5144-4F90-B08E-7FC9A07BF42F" controlTypeID="IconLabel2" x="148" y="619" w="80" h="40" zOrder="2">
      <groupChildrenDescriptors>
        <control controlID="46B465EE-318A-481E-B558-E5D25DC17703" controlTypeID="Shape" x="28" y="0" w="24" h="24" zOrder="0">
          <canMove>False</canMove>
          <alias>shape</alias>
          <font family="Arial" displayName="Arial" postScript="" weightStyle="Regular" weight="400" isBold="False" isItalic="False"/>
          <textSize>14</textSize>
          <selectedIndex>-1</selectedIndex>
        </control>
        <control controlID="A69C7C3F-503F-407F-8DFC-A4B4A5062B53" controlTypeID="Icon" x="28" y="0" w="24" h="24" zOrder="1">
          <color>4288256409</color>
          <canMove>False</canMove>
          <alias>icon</alias>
          <icon>
            <ID/>
            <iconFontName>jdIonicons</iconFontName>
            <iconCode>62363</iconCode>
          </icon>
          <URL>465F7420215F741122FE38BF5E1BDDD8.svg</URL>
        </control>
        <control controlID="569B6444-A03A-422E-9B21-F5F16AEC8363" controlTypeID="Label" x="2" y="28" w="76" h="12" zOrder="2">
          <canMove>False</canMove>
          <alias>label</alias>
          <font family="Arial" displayName="Arial" postScript="" weightStyle="Regular" weight="400" isBold="False" isItalic="False"/>
          <text>NOTIFICATIONS</text>
          <textColor>4288256409</textColor>
          <textSize>10</textSize>
          <textAlign>HaCenter</textAlign>
          <lineSpacing>0</lineSpacing>
          <useDefaultTextSize>False</useDefaultTextSize>
          <selectedIndex>-1</selectedIndex>
        </control>
        <control controlID="0EC6CD6B-C67D-4D1F-B130-91B9B3EE1B4D" controlTypeID="Shape" x="67" y="0" w="13" h="12" zOrder="3">
          <color>4294901760</color>
          <borderVisible>False</borderVisible>
          <canMove>False</canMove>
          <alias>alarm</alias>
          <font family="Arial" displayName="Arial" postScript="" weightStyle="Regular" weight="400" isBold="False" isItalic="False"/>
          <text>2</text>
          <textColor>4294967295</textColor>
          <textSize>7</textSize>
          <selectedIndex>-1</selectedIndex>
          <radius>100</radius>
          <radiusIsPercent>True</radiusIsPercent>
        </control>
      </groupChildrenDescriptors>
    </control>
    <control controlID="4D1FFDF9-9D8A-40FA-A413-0D1675559A5F" controlTypeID="IconLabel2" x="284" y="619" w="47" h="40" zOrder="3">
      <groupChildrenDescriptors>
        <control controlID="E1F93EEA-F77B-4FF1-BFCF-76EBD885FB91" controlTypeID="Shape" x="12" y="0" w="24" h="24" zOrder="0">
          <canMove>False</canMove>
          <alias>shape</alias>
          <font family="Arial" displayName="Arial" postScript="" weightStyle="Regular" weight="400" isBold="False" isItalic="False"/>
          <textSize>14</textSize>
          <selectedIndex>-1</selectedIndex>
        </control>
        <control controlID="44E643ED-BD13-489E-8C82-9BDFF1FC9439" controlTypeID="Icon" x="12" y="0" w="24" h="24" zOrder="1">
          <color>4288256409</color>
          <canMove>False</canMove>
          <alias>icon</alias>
          <icon>
            <ID/>
            <iconFontName>jdIonicons</iconFontName>
            <iconCode>62368</iconCode>
          </icon>
          <URL>B91434690C5B5224D1CC6B1998F1178A.svg</URL>
        </control>
        <control controlID="08A192D6-7491-464F-A356-0CAAF2E7034B" controlTypeID="Label" x="2" y="28" w="43" h="12" zOrder="2">
          <canMove>False</canMove>
          <alias>label</alias>
          <font family="Arial" displayName="Arial" postScript="" weightStyle="Regular" weight="400" isBold="False" isItalic="False"/>
          <text>PROFILE</text>
          <textColor>4288256409</textColor>
          <textSize>10</textSize>
          <textAlign>HaCenter</textAlign>
          <lineSpacing>0</lineSpacing>
          <useDefaultTextSize>False</useDefaultTextSize>
          <selectedIndex>-1</selectedIndex>
        </control>
        <control controlID="6EF42607-4845-46F2-8DC3-A93B11B2976C" controlTypeID="Shape" x="41" y="0" w="6" h="6" zOrder="3">
          <color>4294901760</color>
          <borderVisible>False</borderVisible>
          <canMove>False</canMove>
          <alias>alarm</alias>
          <font family="Arial" displayName="Arial" postScript="" weightStyle="Regular" weight="400" isBold="False" isItalic="False"/>
          <textColor>4294967295</textColor>
          <textSize>3</textSize>
          <selectedIndex>-1</selectedIndex>
          <radius>100</radius>
          <radiusIsPercent>True</radiusIsPercent>
        </control>
      </groupChildrenDescriptors>
      <showAlarm>True</showAlarm>
    </control>
    <control controlID="EA1EA8F4-EB6D-474F-B347-33DD8CC7D7CF" controlTypeID="SwitchIOS" x="298" y="97" w="48" h="30" zOrder="4">
      <onColor>4281571839</onColor>
    </control>
    <control controlID="1A8AA062-797D-4BE3-892B-C687326FB802" controlTypeID="Line" x="20" y="80" w="337" h="2" zOrder="5">
      <color>4293190884</color>
      <font family="Arial" displayName="Arial" postScript="" weightStyle="Regular" weight="400" isBold="False" isItalic="False"/>
      <textSize>14</textSize>
      <lineSpacing>0</lineSpacing>
      <selectedIndex>-1</selectedIndex>
      <controlPoint>(169,1)</controlPoint>
      <startPoint>(1,1)</startPoint>
      <endPoint>(337,1)</endPoint>
    </control>
    <control controlID="369513A8-1515-4D59-978F-4C18093BF5DB" controlTypeID="Line" x="20" y="142" w="337" h="2" zOrder="6">
      <color>4293190884</color>
      <font family="Arial" displayName="Arial" postScript="" weightStyle="Regular" weight="400" isBold="False" isItalic="False"/>
      <textSize>14</textSize>
      <lineSpacing>0</lineSpacing>
      <selectedIndex>-1</selectedIndex>
      <controlPoint>(169,1)</controlPoint>
      <startPoint>(1,1)</startPoint>
      <endPoint>(337,1)</endPoint>
    </control>
    <control controlID="394EB04C-2614-403F-BB1D-A35978383ABA" controlTypeID="Label" x="30" y="101" w="58" h="21" zOrder="7">
      <font family="Arial" displayName="Arial" postScript="" weightStyle="Regular" weight="400" isBold="False" isItalic="False"/>
      <text>Locked</text>
      <textColor>4284900966</textColor>
      <textSize>18</textSize>
      <lineSpacing>0</lineSpacing>
      <useDefaultTextSize>False</useDefaultTextSize>
      <selectedIndex>-1</selectedIndex>
    </control>
    <control controlID="F8B00917-C5E2-4FA5-B812-5F68FEE6DCCA" controlTypeID="Image" x="13" y="15" w="75" h="65" zOrder="8">
      <URL>BE4C5179F59E9FBC7F740C25B5B67821.png</URL>
    </control>
    <control controlID="1EFE395E-8322-4997-915E-E16FC77C1E27" controlTypeID="TextArea" x="106" y="31" w="240" h="66" zOrder="9">
      <font family="Arial" displayName="Arial" postScript="" weightStyle="Regular" weight="400" isBold="False" isItalic="False"/>
      <text>Main+Door</text>
      <textSize>24</textSize>
      <useDefaultTextSize>False</useDefaultTextSize>
      <selectedIndex>-1</selectedIndex>
    </control>
    <control controlID="3003A32E-D856-432D-9942-ADD8F3DB2D59" controlTypeID="TextArea" x="20" y="166" w="240" h="28" zOrder="10">
      <font family="Arial" displayName="Arial" postScript="" weightStyle="Regular" weight="400" isBold="False" isItalic="False"/>
      <text>Advanced</text>
      <selectedIndex>-1</selectedIndex>
    </control>
    <control controlID="FDEA00FE-FC59-43F0-AFD4-8624B2134483" controlTypeID="ScopeBar" x="180" y="221" w="166" h="34" zOrder="11">
      <color>16777215</color>
      <font family="Arial" displayName="Arial" postScript="" weightStyle="Regular" weight="400" isBold="False" isItalic="False"/>
      <text>High%2C+Medium%2C+Low</text>
      <textSize>14</textSize>
      <lineSpacing>0</lineSpacing>
    </control>
    <control controlID="58BCD001-CAD8-4A12-90DD-C6075E925256" controlTypeID="TextArea" x="30" y="227" w="240" h="66" zOrder="12">
      <font family="Arial" displayName="Arial" postScript="" weightStyle="Regular" weight="400" isBold="False" isItalic="False"/>
      <text>Security+Level</text>
    </control>
  </controls>
  <param>
    <backgroundColor>4294967295</backgroundColor>
    <fontSize>14</fontSize>
    <fontFamily>Arial</fontFamily>
    <guideLines/>
  </param>
</mockup>