﻿<mockup version="5.3" minAllowVersion="5.3" ID="989C1ED1-63C0-E711-9E7D-787B8ABCE684" platform="MtMobile" defaultW="375" defaultH="667" measureW="375" measureH="667" screenOrientation="MoPortrait" mobileScreenScale="1.77777779102325" clipArea="(0,0,0,0)">
  <controls controlCount="36">
    <control controlID="BC066EDF-63C0-E711-9E7D-787B8ABCE684" controlTypeID="ScrollView" x="0" y="0" w="375" h="667" zOrder="0">
      <groupChildrenDescriptors>
        <control controlID="96186EDF-63C0-E711-9E7D-787B8ABCE684" controlTypeID="ScrollViewContentPanel" x="0" y="0" w="378" h="1204" zOrder="0">
          <alias>contentPanel</alias>
          <groupChildrenDescriptors>
            <control controlID="ECD88EE9-63C0-E711-9E7D-787B8ABCE684" controlTypeID="Image" x="0" y="1" w="375" h="475" zOrder="0"/>
            <control controlID="E43D1768-64C0-E711-9E7D-787B8ABCE684" controlTypeID="TextArea" x="20" y="505" w="355" h="84" zOrder="1">
              <font family="Arial" displayName="Arial+Bold" postScript="" weightStyle="Bold" weight="700" isBold="True" isItalic="False"/>
              <text>Charlie+Worsham+-%0Asecret+acoustic+show</text>
              <textColor>4284900966</textColor>
              <textSize>30</textSize>
              <textStyles>[fsBold]</textStyles>
              <useDefaultTextSize>False</useDefaultTextSize>
              <selectedIndex>-1</selectedIndex>
            </control>
            <control controlID="6C41BA93-64C0-E711-9E7D-787B8ABCE684" controlTypeID="TextArea" x="20" y="584" w="298" h="43" zOrder="2">
              <font family="Arial" displayName="Arial" postScript="" weightStyle="Regular" weight="400" isBold="False" isItalic="False"/>
              <text>London.+Intimate+London+show+from+the+Warner+Music+Nashville+artist</text>
              <textColor>4284900966</textColor>
              <textSize>16</textSize>
              <useDefaultTextSize>False</useDefaultTextSize>
              <selectedIndex>-1</selectedIndex>
            </control>
            <control controlID="925348F0-64C0-E711-9E7D-787B8ABCE684" controlTypeID="TextArea" x="22" y="677" w="147" h="43" zOrder="3">
              <font family="Arial" displayName="Arial" postScript="" weightStyle="Regular" weight="400" isBold="False" isItalic="False"/>
              <text>2+hour+experience%0AHosted+by+Luke</text>
              <textColor>4284900966</textColor>
              <textSize>16</textSize>
              <useDefaultTextSize>False</useDefaultTextSize>
              <selectedIndex>-1</selectedIndex>
            </control>
            <control controlID="127EF4B7-64C0-E711-9E7D-787B8ABCE684" controlTypeID="Line" x="22" y="650" w="338" h="1" zOrder="4">
              <color>4293190884</color>
              <font family="Arial" displayName="Arial" postScript="" weightStyle="Regular" weight="400" isBold="False" isItalic="False"/>
              <textSize>14</textSize>
              <lineSpacing>0</lineSpacing>
              <selectedIndex>-1</selectedIndex>
              <controlPoint>(169,0)</controlPoint>
              <startPoint>(0,0)</startPoint>
              <endPoint>(338,0)</endPoint>
            </control>
            <control controlID="7044F456-65C0-E711-9E7D-787B8ABCE684" controlTypeID="Line" x="21" y="871" w="338" h="1" zOrder="5">
              <color>4293190884</color>
              <font family="Arial" displayName="Arial" postScript="" weightStyle="Regular" weight="400" isBold="False" isItalic="False"/>
              <textSize>14</textSize>
              <lineSpacing>0</lineSpacing>
              <selectedIndex>-1</selectedIndex>
              <controlPoint>(169,0)</controlPoint>
              <startPoint>(0,0)</startPoint>
              <endPoint>(338,0)</endPoint>
            </control>
            <control controlID="644C28C2-65C0-E711-9E7D-787B8ABCE684" controlTypeID="Line" x="20" y="1075" w="338" h="1" zOrder="6">
              <color>4293190884</color>
              <font family="Arial" displayName="Arial" postScript="" weightStyle="Regular" weight="400" isBold="False" isItalic="False"/>
              <textSize>14</textSize>
              <lineSpacing>0</lineSpacing>
              <selectedIndex>-1</selectedIndex>
              <controlPoint>(169,0)</controlPoint>
              <startPoint>(0,0)</startPoint>
              <endPoint>(338,0)</endPoint>
            </control>
            <control controlID="D4718002-65C0-E711-9E7D-787B8ABCE684" controlTypeID="Image" x="297" y="677" w="58" h="58" zOrder="7">
              <clipShapeType>SbEllipse</clipShapeType>
              <showText>False</showText>
            </control>
            <control controlID="6070A714-65C0-E711-9E7D-787B8ABCE684" controlTypeID="IconLabel2" x="26" y="746" w="105" h="21" zOrder="8">
              <groupChildrenDescriptors>
                <control controlID="9478A714-65C0-E711-9E7D-787B8ABCE684" controlTypeID="Shape" x="0" y="0" w="20" h="20" zOrder="0">
                  <canMove>False</canMove>
                  <alias>shape</alias>
                  <font family="Arial" displayName="Arial" postScript="" weightStyle="Regular" weight="400" isBold="False" isItalic="False"/>
                  <textSize>14</textSize>
                  <selectedIndex>-1</selectedIndex>
                </control>
                <control controlID="80A0A714-65C0-E711-9E7D-787B8ABCE684" controlTypeID="Icon" x="0" y="0" w="20" h="20" zOrder="1">
                  <canMove>False</canMove>
                  <alias>icon</alias>
                  <icon>
                    <ID/>
                    <iconFontName>jdIonicons</iconFontName>
                    <iconCode>62397</iconCode>
                  </icon>
                  <URL>F7CDD613991BA6D36554112C0D6C09C7.svg</URL>
                </control>
                <control controlID="1EA8A714-65C0-E711-9E7D-787B8ABCE684" controlTypeID="Label" x="24" y="2" w="81" h="17" zOrder="2">
                  <canMove>False</canMove>
                  <alias>label</alias>
                  <font family="Arial" displayName="Arial" postScript="" weightStyle="Regular" weight="400" isBold="False" isItalic="False"/>
                  <text>+2+hours+total</text>
                  <textColor>4284900966</textColor>
                  <textAlign>HaCenter</textAlign>
                  <lineSpacing>0</lineSpacing>
                  <useDefaultTextSize>False</useDefaultTextSize>
                  <selectedIndex>-1</selectedIndex>
                </control>
                <control controlID="2CF4A714-65C0-E711-9E7D-787B8ABCE684" controlTypeID="Shape" x="92" y="0" w="13" h="12" zOrder="3">
                  <color>4294901760</color>
                  <borderVisible>False</borderVisible>
                  <canMove>False</canMove>
                  <alias>alarm</alias>
                  <font family="Arial" displayName="Arial" postScript="" weightStyle="Regular" weight="400" isBold="False" isItalic="False"/>
                  <text>2</text>
                  <textColor>4294967295</textColor>
                  <textSize>7</textSize>
                  <selectedIndex>-1</selectedIndex>
                  <radius>100</radius>
                  <radiusIsPercent>True</radiusIsPercent>
                </control>
              </groupChildrenDescriptors>
              <textDirection>MiTextRight</textDirection>
              <iconSize>20</iconSize>
            </control>
            <control controlID="6C5D672E-65C0-E711-9E7D-787B8ABCE684" controlTypeID="IconLabel2" x="26" y="784" w="72" h="21" zOrder="9">
              <groupChildrenDescriptors>
                <control controlID="D05D672E-65C0-E711-9E7D-787B8ABCE684" controlTypeID="Shape" x="0" y="0" w="20" h="20" zOrder="0">
                  <canMove>False</canMove>
                  <alias>shape</alias>
                  <font family="Arial" displayName="Arial" postScript="" weightStyle="Regular" weight="400" isBold="False" isItalic="False"/>
                  <textSize>14</textSize>
                  <selectedIndex>-1</selectedIndex>
                </control>
                <control controlID="0C5E672E-65C0-E711-9E7D-787B8ABCE684" controlTypeID="Icon" x="0" y="0" w="20" h="20" zOrder="1">
                  <canMove>False</canMove>
                  <alias>icon</alias>
                  <icon>
                    <ID/>
                    <iconFontName>jdFontAwesome</iconFontName>
                    <iconCode>61765</iconCode>
                  </icon>
                  <URL>4793C67A7C884DBE8DCBB394F692212B.svg</URL>
                </control>
                <control controlID="525E672E-65C0-E711-9E7D-787B8ABCE684" controlTypeID="Label" x="24" y="2" w="48" h="17" zOrder="2">
                  <canMove>False</canMove>
                  <alias>label</alias>
                  <font family="Arial" displayName="Arial" postScript="" weightStyle="Regular" weight="400" isBold="False" isItalic="False"/>
                  <text>+1+ticket</text>
                  <textColor>4284900966</textColor>
                  <textAlign>HaCenter</textAlign>
                  <lineSpacing>0</lineSpacing>
                  <useDefaultTextSize>False</useDefaultTextSize>
                  <selectedIndex>-1</selectedIndex>
                </control>
                <control controlID="985E672E-65C0-E711-9E7D-787B8ABCE684" controlTypeID="Shape" x="59" y="0" w="13" h="12" zOrder="3">
                  <color>4294901760</color>
                  <borderVisible>False</borderVisible>
                  <canMove>False</canMove>
                  <alias>alarm</alias>
                  <font family="Arial" displayName="Arial" postScript="" weightStyle="Regular" weight="400" isBold="False" isItalic="False"/>
                  <text>2</text>
                  <textColor>4294967295</textColor>
                  <textSize>7</textSize>
                  <selectedIndex>-1</selectedIndex>
                  <radius>100</radius>
                  <radiusIsPercent>True</radiusIsPercent>
                </control>
              </groupChildrenDescriptors>
              <textDirection>MiTextRight</textDirection>
              <iconSize>20</iconSize>
            </control>
            <control controlID="6668453C-65C0-E711-9E7D-787B8ABCE684" controlTypeID="IconLabel2" x="26" y="822" w="135" h="21" zOrder="10">
              <groupChildrenDescriptors>
                <control controlID="B668453C-65C0-E711-9E7D-787B8ABCE684" controlTypeID="Shape" x="0" y="0" w="20" h="20" zOrder="0">
                  <canMove>False</canMove>
                  <alias>shape</alias>
                  <font family="Arial" displayName="Arial" postScript="" weightStyle="Regular" weight="400" isBold="False" isItalic="False"/>
                  <textSize>14</textSize>
                  <selectedIndex>-1</selectedIndex>
                </control>
                <control controlID="F268453C-65C0-E711-9E7D-787B8ABCE684" controlTypeID="Icon" x="0" y="0" w="20" h="20" zOrder="1">
                  <canMove>False</canMove>
                  <alias>icon</alias>
                  <icon>
                    <ID/>
                    <iconFontName>jdIonicons</iconFontName>
                    <iconCode>61727</iconCode>
                  </icon>
                  <URL>4E907AA8CD5547A2940A52979F762D41.svg</URL>
                </control>
                <control controlID="2E69453C-65C0-E711-9E7D-787B8ABCE684" controlTypeID="Label" x="24" y="2" w="111" h="17" zOrder="2">
                  <canMove>False</canMove>
                  <alias>label</alias>
                  <font family="Arial" displayName="Arial" postScript="" weightStyle="Regular" weight="400" isBold="False" isItalic="False"/>
                  <text>Offered+in+English</text>
                  <textColor>4284900966</textColor>
                  <textAlign>HaCenter</textAlign>
                  <lineSpacing>0</lineSpacing>
                  <useDefaultTextSize>False</useDefaultTextSize>
                  <selectedIndex>-1</selectedIndex>
                </control>
                <control controlID="7469453C-65C0-E711-9E7D-787B8ABCE684" controlTypeID="Shape" x="122" y="0" w="13" h="12" zOrder="3">
                  <color>4294901760</color>
                  <borderVisible>False</borderVisible>
                  <canMove>False</canMove>
                  <alias>alarm</alias>
                  <font family="Arial" displayName="Arial" postScript="" weightStyle="Regular" weight="400" isBold="False" isItalic="False"/>
                  <text>2</text>
                  <textColor>4294967295</textColor>
                  <textSize>7</textSize>
                  <selectedIndex>-1</selectedIndex>
                  <radius>100</radius>
                  <radiusIsPercent>True</radiusIsPercent>
                </control>
              </groupChildrenDescriptors>
              <textDirection>MiTextRight</textDirection>
              <iconSize>20</iconSize>
            </control>
            <control controlID="AAB8E95D-65C0-E711-9E7D-787B8ABCE684" controlTypeID="Label" x="21" y="893" w="112" h="19" zOrder="11">
              <font family="Arial" displayName="Arial" postScript="" weightStyle="Regular" weight="400" isBold="False" isItalic="False"/>
              <text>About+your+host</text>
              <textColor>4281545523</textColor>
              <textSize>16</textSize>
              <lineSpacing>0</lineSpacing>
              <useDefaultTextSize>False</useDefaultTextSize>
              <selectedIndex>-1</selectedIndex>
            </control>
            <control controlID="9C7F9DCD-65C0-E711-9E7D-787B8ABCE684" controlTypeID="Label" x="20" y="1100" w="95" h="19" zOrder="12">
              <font family="Arial" displayName="Arial" postScript="" weightStyle="Regular" weight="400" isBold="False" isItalic="False"/>
              <text>What+we'll+do</text>
              <textColor>4281545523</textColor>
              <textSize>16</textSize>
              <lineSpacing>0</lineSpacing>
              <useDefaultTextSize>False</useDefaultTextSize>
              <selectedIndex>-1</selectedIndex>
            </control>
            <control controlID="8C73E966-65C0-E711-9E7D-787B8ABCE684" controlTypeID="TextArea" x="20" y="945" w="328" h="98" zOrder="13">
              <font family="Arial" displayName="Arial" postScript="" weightStyle="Regular" weight="400" isBold="False" isItalic="False"/>
              <text>We're+a+PR+%26+Publicity+agency+-+proud+to+be+working+with+Warner+Music+Nashville+and+Charlie+Worsham%3B+we+love+country+and++Americana+music+and+meeting+like-minded+fans!</text>
              <textColor>4284900966</textColor>
              <textSize>16</textSize>
              <useDefaultTextSize>False</useDefaultTextSize>
              <selectedIndex>-1</selectedIndex>
            </control>
          </groupChildrenDescriptors>
        </control>
        <control controlID="3A2E6EDF-63C0-E711-9E7D-787B8ABCE684" controlTypeID="Border" x="0" y="0" w="375" h="667" zOrder="1">
          <color>4284900966</color>
          <borderColor>4278190080</borderColor>
          <alias>borderLayer</alias>
        </control>
      </groupChildrenDescriptors>
    </control>
    <control controlID="8039DF05-67C0-E711-9E7D-787B8ABCE684" controlTypeID="Shape" x="0" y="602" w="375" h="65" zOrder="1">
      <borderColor>4293190884</borderColor>
      <font family="Arial" displayName="Arial" postScript="" weightStyle="Regular" weight="400" isBold="False" isItalic="False"/>
      <textSize>14</textSize>
      <selectedIndex>-1</selectedIndex>
      <borderMode>[bmTop]</borderMode>
    </control>
    <control controlID="5671DBC1-64C0-E711-9E7D-787B8ABCE684" controlTypeID="Icon" x="18" y="30" w="20" h="20" zOrder="2">
      <links eventType="AtClick" animate="AmPushLeft" animateAutoDelay="0" animateDuration="500">
        <link targetPageID="AC071669-5AC0-E711-9E7D-787B8ABCE684" linkType="ltPageLink" isApplyIncludePage="False" title="Home">
          <area shape="0" alt="" ID="{1EAB884C-76C0-E711-9E7D-787B8ABCE684}" coords="(0,0,20,20)"/>
        </link>
      </links>
      <icon>
        <ID/>
        <iconFontName>jdIonicons</iconFontName>
        <iconCode>62418</iconCode>
      </icon>
      <URL>91852B86E51F760894554368302F9800.svg</URL>
    </control>
    <control controlID="1A5E78C9-64C0-E711-9E7D-787B8ABCE684" controlTypeID="Icon" x="279" y="35" w="20" h="20" zOrder="3">
      <icon>
        <ID/>
        <iconFontName>jdIonicons</iconFontName>
        <iconCode>62666</iconCode>
      </icon>
      <URL>69343460E9407CF814C54637629A380F.svg</URL>
    </control>
    <control controlID="BCC93CCF-64C0-E711-9E7D-787B8ABCE684" controlTypeID="Icon" x="335" y="35" w="20" h="20" zOrder="4">
      <icon>
        <ID/>
        <iconFontName>jdIonicons</iconFontName>
        <iconCode>62343</iconCode>
      </icon>
      <URL>27BF6DD5D083782A1CB633DA66BC8750.svg</URL>
    </control>
    <control controlID="B8D68FFD-66C0-E711-9E7D-787B8ABCE684" controlTypeID="Label" x="22" y="613" w="99" h="19" zOrder="5">
      <font family="Arial" displayName="Arial" postScript="" weightStyle="Regular" weight="400" isBold="False" isItalic="False"/>
      <text>$8+per+person</text>
      <textColor>4281545523</textColor>
      <textSize>16</textSize>
      <lineSpacing>0</lineSpacing>
      <useDefaultTextSize>False</useDefaultTextSize>
      <selectedIndex>-1</selectedIndex>
    </control>
    <control controlID="F4D68FFD-66C0-E711-9E7D-787B8ABCE684" controlTypeID="Label" x="22" y="638" w="79" h="13" zOrder="6">
      <font family="Arial" displayName="Arial" postScript="" weightStyle="Regular" weight="400" isBold="False" isItalic="False"/>
      <text>New+experience</text>
      <textColor>4288256409</textColor>
      <textSize>11</textSize>
      <lineSpacing>0</lineSpacing>
      <useDefaultTextSize>False</useDefaultTextSize>
      <selectedIndex>-1</selectedIndex>
    </control>
    <control controlID="30D78FFD-66C0-E711-9E7D-787B8ABCE684" controlTypeID="Button" x="208" y="609" w="149" h="48" zOrder="7">
      <color>4284900966</color>
      <borderVisible>False</borderVisible>
      <font family="Arial" displayName="Arial" postScript="" weightStyle="Regular" weight="400" isBold="False" isItalic="False"/>
      <text>See+dates</text>
      <textColor>4294967295</textColor>
      <lineSpacing>0</lineSpacing>
      <selectedIndex>-1</selectedIndex>
    </control>
  </controls>
  <param>
    <backgroundColor>4294967295</backgroundColor>
    <fontSize>14</fontSize>
    <fontFamily>Arial</fontFamily>
    <guideLines/>
  </param>
</mockup>