﻿<mockup version="5.3" minAllowVersion="5.3" ID="AC071669-5AC0-E711-9E7D-787B8ABCE684" platform="MtMobile" defaultW="375" defaultH="667" measureW="375" measureH="667" screenOrientation="MoPortrait" mobileScreenScale="1.77777779102325" clipArea="(0,0,0,0)">
  <controls controlCount="118">
    <control controlID="3E29F34E-61C0-E711-9E7D-787B8ABCE684" controlTypeID="ScrollView" x="0" y="-15" w="375" h="236" zOrder="0">
      <borderVisible>False</borderVisible>
      <groupChildrenDescriptors>
        <control controlID="7C3BF34E-61C0-E711-9E7D-787B8ABCE684" controlTypeID="ScrollViewContentPanel" x="0" y="0" w="375" h="821" zOrder="0">
          <alias>contentPanel</alias>
          <groupChildrenDescriptors>
            <control controlID="8886A45F-61C0-E711-9E7D-787B8ABCE684" controlTypeID="Shape" x="0" y="0" w="375" h="274" zOrder="0">
              <color>4288256409</color>
              <borderVisible>False</borderVisible>
              <font family="Arial" displayName="Arial" postScript="" weightStyle="Regular" weight="400" isBold="False" isItalic="False"/>
              <textSize>14</textSize>
              <selectedIndex>-1</selectedIndex>
            </control>
            <control controlID="E286A45F-61C0-E711-9E7D-787B8ABCE684" controlTypeID="Icon" x="20" y="10" w="20" h="20" zOrder="1">
              <color>4294967295</color>
              <icon>
                <ID/>
                <iconFontName>jdIonicons</iconFontName>
                <iconCode>62424</iconCode>
              </icon>
              <URL>580C991B7C917DA9D65FD2306B67F38F.svg</URL>
            </control>
            <control controlID="1E87A45F-61C0-E711-9E7D-787B8ABCE684" controlTypeID="Shape" x="10" y="61" w="355" h="50" zOrder="2">
              <color>4289638062</color>
              <borderVisible>False</borderVisible>
              <font family="Arial" displayName="Arial" postScript="" weightStyle="Regular" weight="400" isBold="False" isItalic="False"/>
              <textSize>14</textSize>
              <selectedIndex>-1</selectedIndex>
              <radius>4</radius>
            </control>
            <control controlID="5A87A45F-61C0-E711-9E7D-787B8ABCE684" controlTypeID="Shape" x="10" y="118" w="355" h="50" zOrder="3">
              <color>4289638062</color>
              <borderVisible>False</borderVisible>
              <font family="Arial" displayName="Arial" postScript="" weightStyle="Regular" weight="400" isBold="False" isItalic="False"/>
              <textSize>14</textSize>
              <selectedIndex>-1</selectedIndex>
              <radius>4</radius>
            </control>
            <control controlID="9687A45F-61C0-E711-9E7D-787B8ABCE684" controlTypeID="Shape" x="10" y="175" w="355" h="50" zOrder="4">
              <color>4289638062</color>
              <borderVisible>False</borderVisible>
              <font family="Arial" displayName="Arial" postScript="" weightStyle="Regular" weight="400" isBold="False" isItalic="False"/>
              <textSize>14</textSize>
              <selectedIndex>-1</selectedIndex>
              <radius>4</radius>
            </control>
            <control controlID="DC87A45F-61C0-E711-9E7D-787B8ABCE684" controlTypeID="IconLabel2" x="28" y="74" w="129" h="24" zOrder="5">
              <groupChildrenDescriptors>
                <control controlID="1888A45F-61C0-E711-9E7D-787B8ABCE684" controlTypeID="Shape" x="0" y="0" w="24" h="24" zOrder="0">
                  <canMove>False</canMove>
                  <alias>shape</alias>
                  <font family="Arial" displayName="Arial" postScript="" weightStyle="Regular" weight="400" isBold="False" isItalic="False"/>
                  <textSize>14</textSize>
                  <selectedIndex>-1</selectedIndex>
                </control>
                <control controlID="4A88A45F-61C0-E711-9E7D-787B8ABCE684" controlTypeID="Icon" x="0" y="0" w="24" h="24" zOrder="1">
                  <color>4294967295</color>
                  <canMove>False</canMove>
                  <alias>icon</alias>
                  <icon>
                    <ID/>
                    <iconFontName>jdIonicons</iconFontName>
                    <iconCode>62351</iconCode>
                  </icon>
                  <URL>00B95EF219967F400695DB20B0044ACF.svg</URL>
                </control>
                <control controlID="8688A45F-61C0-E711-9E7D-787B8ABCE684" controlTypeID="Label" x="28" y="4" w="101" h="17" zOrder="2">
                  <canMove>False</canMove>
                  <alias>label</alias>
                  <font family="Arial" displayName="Arial" postScript="" weightStyle="Regular" weight="400" isBold="False" isItalic="False"/>
                  <text>Joseph%60s+House</text>
                  <textColor>4294967295</textColor>
                  <textAlign>HaCenter</textAlign>
                  <lineSpacing>0</lineSpacing>
                  <useDefaultTextSize>False</useDefaultTextSize>
                  <selectedIndex>-1</selectedIndex>
                </control>
                <control controlID="C288A45F-61C0-E711-9E7D-787B8ABCE684" controlTypeID="Shape" x="116" y="0" w="13" h="12" zOrder="3">
                  <color>4294901760</color>
                  <borderVisible>False</borderVisible>
                  <canMove>False</canMove>
                  <alias>alarm</alias>
                  <font family="Arial" displayName="Arial" postScript="" weightStyle="Regular" weight="400" isBold="False" isItalic="False"/>
                  <text>2</text>
                  <textColor>4294967295</textColor>
                  <textSize>7</textSize>
                  <selectedIndex>-1</selectedIndex>
                  <radius>100</radius>
                  <radiusIsPercent>True</radiusIsPercent>
                </control>
              </groupChildrenDescriptors>
              <textDirection>MiTextRight</textDirection>
            </control>
            <control controlID="FE88A45F-61C0-E711-9E7D-787B8ABCE684" controlTypeID="IconLabel2" x="28" y="131" w="142" h="24" zOrder="6">
              <groupChildrenDescriptors>
                <control controlID="3A89A45F-61C0-E711-9E7D-787B8ABCE684" controlTypeID="Shape" x="0" y="0" w="24" h="24" zOrder="0">
                  <canMove>False</canMove>
                  <alias>shape</alias>
                  <font family="Arial" displayName="Arial" postScript="" weightStyle="Regular" weight="400" isBold="False" isItalic="False"/>
                  <textSize>14</textSize>
                  <selectedIndex>-1</selectedIndex>
                </control>
                <control controlID="7689A45F-61C0-E711-9E7D-787B8ABCE684" controlTypeID="Icon" x="0" y="0" w="24" h="24" zOrder="1">
                  <color>4294967295</color>
                  <canMove>False</canMove>
                  <alias>icon</alias>
                  <icon>
                    <ID/>
                    <iconFontName>jdIonicons</iconFontName>
                    <iconCode>62351</iconCode>
                  </icon>
                  <URL>00B95EF219967F400695DB20B0044ACF.svg</URL>
                </control>
                <control controlID="B289A45F-61C0-E711-9E7D-787B8ABCE684" controlTypeID="Label" x="28" y="4" w="114" h="17" zOrder="2">
                  <canMove>False</canMove>
                  <alias>label</alias>
                  <font family="Arial" displayName="Arial" postScript="" weightStyle="Regular" weight="400" isBold="False" isItalic="False"/>
                  <text>Marie%60s+Apartment</text>
                  <textColor>4294967295</textColor>
                  <textAlign>HaCenter</textAlign>
                  <lineSpacing>0</lineSpacing>
                  <useDefaultTextSize>False</useDefaultTextSize>
                  <selectedIndex>-1</selectedIndex>
                </control>
                <control controlID="EE89A45F-61C0-E711-9E7D-787B8ABCE684" controlTypeID="Shape" x="129" y="0" w="13" h="12" zOrder="3">
                  <color>4294901760</color>
                  <borderVisible>False</borderVisible>
                  <canMove>False</canMove>
                  <alias>alarm</alias>
                  <font family="Arial" displayName="Arial" postScript="" weightStyle="Regular" weight="400" isBold="False" isItalic="False"/>
                  <text>2</text>
                  <textColor>4294967295</textColor>
                  <textSize>7</textSize>
                  <selectedIndex>-1</selectedIndex>
                  <radius>100</radius>
                  <radiusIsPercent>True</radiusIsPercent>
                </control>
              </groupChildrenDescriptors>
              <textDirection>MiTextRight</textDirection>
            </control>
            <control controlID="208AA45F-61C0-E711-9E7D-787B8ABCE684" controlTypeID="IconLabel2" x="28" y="192" w="146" h="24" zOrder="7">
              <groupChildrenDescriptors>
                <control controlID="5C8AA45F-61C0-E711-9E7D-787B8ABCE684" controlTypeID="Shape" x="0" y="0" w="24" h="24" zOrder="0">
                  <canMove>False</canMove>
                  <alias>shape</alias>
                  <font family="Arial" displayName="Arial" postScript="" weightStyle="Regular" weight="400" isBold="False" isItalic="False"/>
                  <textSize>14</textSize>
                  <selectedIndex>-1</selectedIndex>
                </control>
                <control controlID="988AA45F-61C0-E711-9E7D-787B8ABCE684" controlTypeID="Icon" x="0" y="0" w="24" h="24" zOrder="1">
                  <color>4294967295</color>
                  <canMove>False</canMove>
                  <alias>icon</alias>
                  <icon>
                    <ID/>
                    <iconFontName>jdIonicons</iconFontName>
                    <iconCode>61976</iconCode>
                  </icon>
                  <URL>35EC0CEF289D155B96D1500409688C43.svg</URL>
                </control>
                <control controlID="CA8AA45F-61C0-E711-9E7D-787B8ABCE684" controlTypeID="Label" x="28" y="4" w="118" h="17" zOrder="2">
                  <canMove>False</canMove>
                  <alias>label</alias>
                  <font family="Arial" displayName="Arial" postScript="" weightStyle="Regular" weight="400" isBold="False" isItalic="False"/>
                  <text>Add+another+Home</text>
                  <textColor>4294967295</textColor>
                  <textAlign>HaCenter</textAlign>
                  <lineSpacing>0</lineSpacing>
                  <useDefaultTextSize>False</useDefaultTextSize>
                  <selectedIndex>-1</selectedIndex>
                </control>
                <control controlID="068BA45F-61C0-E711-9E7D-787B8ABCE684" controlTypeID="Shape" x="133" y="0" w="13" h="12" zOrder="3">
                  <color>4294901760</color>
                  <borderVisible>False</borderVisible>
                  <canMove>False</canMove>
                  <alias>alarm</alias>
                  <font family="Arial" displayName="Arial" postScript="" weightStyle="Regular" weight="400" isBold="False" isItalic="False"/>
                  <text>2</text>
                  <textColor>4294967295</textColor>
                  <textSize>7</textSize>
                  <selectedIndex>-1</selectedIndex>
                  <radius>100</radius>
                  <radiusIsPercent>True</radiusIsPercent>
                </control>
              </groupChildrenDescriptors>
              <textDirection>MiTextRight</textDirection>
            </control>
            <control controlID="388BA45F-61C0-E711-9E7D-787B8ABCE684" controlTypeID="Tabs" x="4" y="226" w="313" h="48" zOrder="8">
              <borderVisible>False</borderVisible>
              <font family="Arial" displayName="Arial" postScript="" weightStyle="Regular" weight="400" isBold="False" isItalic="False"/>
              <text>FOR+YOU%2CHOMES%2CEXPERIENCES%2CPLACES</text>
              <textColor>4291611852</textColor>
              <textSize>11</textSize>
              <lineSpacing>0</lineSpacing>
              <useDefaultTextSize>False</useDefaultTextSize>
              <selectedColor>4294967295</selectedColor>
              <dividerPercentHeight>0</dividerPercentHeight>
              <selectedTextColor>4294967295</selectedTextColor>
            </control>
            <control controlID="CA81549F-61C0-E711-9E7D-787B8ABCE684" controlTypeID="ScrollView" x="0" y="274" w="375" h="542" zOrder="9">
              <borderVisible>False</borderVisible>
              <groupChildrenDescriptors>
                <control controlID="DC92549F-61C0-E711-9E7D-787B8ABCE684" controlTypeID="ScrollViewContentPanel" x="0" y="0" w="521" h="877" zOrder="0">
                  <alias>contentPanel</alias>
                  <groupChildrenDescriptors>
                    <control controlID="CAB98AAE-61C0-E711-9E7D-787B8ABCE684" controlTypeID="Label" x="19" y="43" w="118" h="23" zOrder="0">
                      <font family="Arial" displayName="Arial+Bold" postScript="" weightStyle="Bold" weight="700" isBold="True" isItalic="False"/>
                      <text>Experiences</text>
                      <textColor>4281545523</textColor>
                      <textSize>20</textSize>
                      <lineSpacing>0</lineSpacing>
                      <textStyles>[fsBold]</textStyles>
                      <useDefaultTextSize>False</useDefaultTextSize>
                      <selectedIndex>-1</selectedIndex>
                    </control>
                    <control controlID="1ABA8AAE-61C0-E711-9E7D-787B8ABCE684" controlTypeID="IconLabel2" x="304" y="45" w="57" h="21" zOrder="1">
                      <groupChildrenDescriptors>
                        <control controlID="56BA8AAE-61C0-E711-9E7D-787B8ABCE684" controlTypeID="Shape" x="47" y="6" w="10" h="10" zOrder="0">
                          <canMove>False</canMove>
                          <alias>shape</alias>
                          <font family="Arial" displayName="Arial" postScript="" weightStyle="Regular" weight="400" isBold="False" isItalic="False"/>
                          <textSize>14</textSize>
                          <selectedIndex>-1</selectedIndex>
                        </control>
                        <control controlID="92BA8AAE-61C0-E711-9E7D-787B8ABCE684" controlTypeID="Icon" x="47" y="6" w="10" h="10" zOrder="1">
                          <color>4288256409</color>
                          <canMove>False</canMove>
                          <alias>icon</alias>
                          <icon>
                            <ID/>
                            <iconFontName>jdIonicons</iconFontName>
                            <iconCode>61733</iconCode>
                          </icon>
                          <URL>2D780716D3D89B2EFB0155599BA0A89F.svg</URL>
                        </control>
                        <control controlID="CEBA8AAE-61C0-E711-9E7D-787B8ABCE684" controlTypeID="Label" x="0" y="2" w="43" h="17" zOrder="2">
                          <canMove>False</canMove>
                          <alias>label</alias>
                          <font family="Arial" displayName="Arial" postScript="" weightStyle="Regular" weight="400" isBold="False" isItalic="False"/>
                          <text>See+all</text>
                          <textColor>4288256409</textColor>
                          <textAlign>HaCenter</textAlign>
                          <lineSpacing>0</lineSpacing>
                          <useDefaultTextSize>False</useDefaultTextSize>
                          <selectedIndex>-1</selectedIndex>
                        </control>
                        <control controlID="0ABB8AAE-61C0-E711-9E7D-787B8ABCE684" controlTypeID="Shape" x="44" y="0" w="13" h="12" zOrder="3">
                          <color>4294901760</color>
                          <borderVisible>False</borderVisible>
                          <canMove>False</canMove>
                          <alias>alarm</alias>
                          <font family="Arial" displayName="Arial" postScript="" weightStyle="Regular" weight="400" isBold="False" isItalic="False"/>
                          <text>2</text>
                          <textColor>4294967295</textColor>
                          <textSize>7</textSize>
                          <selectedIndex>-1</selectedIndex>
                          <radius>100</radius>
                          <radiusIsPercent>True</radiusIsPercent>
                        </control>
                      </groupChildrenDescriptors>
                      <textDirection>MiTextLeft</textDirection>
                      <iconSize>10</iconSize>
                    </control>
                    <control controlID="786B1AC4-61C0-E711-9E7D-787B8ABCE684" controlTypeID="IconLabel2" x="304" y="367" w="57" h="21" zOrder="2">
                      <groupChildrenDescriptors>
                        <control controlID="C86B1AC4-61C0-E711-9E7D-787B8ABCE684" controlTypeID="Shape" x="47" y="6" w="10" h="10" zOrder="0">
                          <canMove>False</canMove>
                          <alias>shape</alias>
                          <font family="Arial" displayName="Arial" postScript="" weightStyle="Regular" weight="400" isBold="False" isItalic="False"/>
                          <textSize>14</textSize>
                          <selectedIndex>-1</selectedIndex>
                        </control>
                        <control controlID="046C1AC4-61C0-E711-9E7D-787B8ABCE684" controlTypeID="Icon" x="47" y="6" w="10" h="10" zOrder="1">
                          <color>4288256409</color>
                          <canMove>False</canMove>
                          <alias>icon</alias>
                          <icon>
                            <ID/>
                            <iconFontName>jdIonicons</iconFontName>
                            <iconCode>61733</iconCode>
                          </icon>
                          <URL>2D780716D3D89B2EFB0155599BA0A89F.svg</URL>
                        </control>
                        <control controlID="406C1AC4-61C0-E711-9E7D-787B8ABCE684" controlTypeID="Label" x="0" y="2" w="43" h="17" zOrder="2">
                          <canMove>False</canMove>
                          <alias>label</alias>
                          <font family="Arial" displayName="Arial" postScript="" weightStyle="Regular" weight="400" isBold="False" isItalic="False"/>
                          <text>See+all</text>
                          <textColor>4288256409</textColor>
                          <textAlign>HaCenter</textAlign>
                          <lineSpacing>0</lineSpacing>
                          <useDefaultTextSize>False</useDefaultTextSize>
                          <selectedIndex>-1</selectedIndex>
                        </control>
                        <control controlID="7C6C1AC4-61C0-E711-9E7D-787B8ABCE684" controlTypeID="Shape" x="44" y="0" w="13" h="12" zOrder="3">
                          <color>4294901760</color>
                          <borderVisible>False</borderVisible>
                          <canMove>False</canMove>
                          <alias>alarm</alias>
                          <font family="Arial" displayName="Arial" postScript="" weightStyle="Regular" weight="400" isBold="False" isItalic="False"/>
                          <text>2</text>
                          <textColor>4294967295</textColor>
                          <textSize>7</textSize>
                          <selectedIndex>-1</selectedIndex>
                          <radius>100</radius>
                          <radiusIsPercent>True</radiusIsPercent>
                        </control>
                      </groupChildrenDescriptors>
                      <textDirection>MiTextLeft</textDirection>
                      <iconSize>10</iconSize>
                    </control>
                    <control controlID="18BC8AAE-61C0-E711-9E7D-787B8ABCE684" controlTypeID="ScrollView" x="0" y="88" w="375" h="213" zOrder="3">
                      <borderVisible>False</borderVisible>
                      <groupChildrenDescriptors>
                        <control controlID="54BC8AAE-61C0-E711-9E7D-787B8ABCE684" controlTypeID="ScrollViewContentPanel" x="0" y="0" w="698" h="213" zOrder="0">
                          <alias>contentPanel</alias>
                          <groupChildrenDescriptors>
                            <control controlID="C2BC8AAE-61C0-E711-9E7D-787B8ABCE684" controlTypeID="Image" x="188" y="3" w="160" h="109" zOrder="0"/>
                            <control controlID="FEBC8AAE-61C0-E711-9E7D-787B8ABCE684" controlTypeID="Image" x="359" y="3" w="160" h="109" zOrder="1"/>
                            <control controlID="30BD8AAE-61C0-E711-9E7D-787B8ABCE684" controlTypeID="Image" x="530" y="4" w="160" h="109" zOrder="2"/>
                            <control controlID="A8BD8AAE-61C0-E711-9E7D-787B8ABCE684" controlTypeID="Label" x="188" y="122" w="137" h="12" zOrder="3">
                              <font family="Arial" displayName="Arial" postScript="" weightStyle="Regular" weight="400" isBold="False" isItalic="False"/>
                              <text>SANCTUARY+VISIT.+SEATTLE</text>
                              <textSize>10</textSize>
                              <lineSpacing>0</lineSpacing>
                              <useDefaultTextSize>False</useDefaultTextSize>
                              <selectedIndex>-1</selectedIndex>
                            </control>
                            <control controlID="E4BD8AAE-61C0-E711-9E7D-787B8ABCE684" controlTypeID="Label" x="359" y="122" w="108" h="12" zOrder="4">
                              <font family="Arial" displayName="Arial" postScript="" weightStyle="Regular" weight="400" isBold="False" isItalic="False"/>
                              <text>LIVE+MUSIC+.+LONDON</text>
                              <textSize>10</textSize>
                              <lineSpacing>0</lineSpacing>
                              <useDefaultTextSize>False</useDefaultTextSize>
                              <selectedIndex>-1</selectedIndex>
                            </control>
                            <control controlID="16BE8AAE-61C0-E711-9E7D-787B8ABCE684" controlTypeID="Label" x="530" y="123" w="89" h="12" zOrder="5">
                              <font family="Arial" displayName="Arial" postScript="" weightStyle="Regular" weight="400" isBold="False" isItalic="False"/>
                              <text>NIGHTLIFE+.+MIAMI</text>
                              <textSize>10</textSize>
                              <lineSpacing>0</lineSpacing>
                              <useDefaultTextSize>False</useDefaultTextSize>
                              <selectedIndex>-1</selectedIndex>
                            </control>
                            <control controlID="84BE8AAE-61C0-E711-9E7D-787B8ABCE684" controlTypeID="Label" x="245" y="177" w="17" h="12" zOrder="6">
                              <font family="Arial" displayName="Arial" postScript="" weightStyle="Regular" weight="400" isBold="False" isItalic="False"/>
                              <text>244</text>
                              <textColor>4288256409</textColor>
                              <textSize>10</textSize>
                              <lineSpacing>0</lineSpacing>
                              <useDefaultTextSize>False</useDefaultTextSize>
                              <selectedIndex>-1</selectedIndex>
                            </control>
                            <control controlID="B6BE8AAE-61C0-E711-9E7D-787B8ABCE684" controlTypeID="Label" x="416" y="192" w="11" h="12" zOrder="7">
                              <font family="Arial" displayName="Arial" postScript="" weightStyle="Regular" weight="400" isBold="False" isItalic="False"/>
                              <text>78</text>
                              <textColor>4288256409</textColor>
                              <textSize>10</textSize>
                              <lineSpacing>0</lineSpacing>
                              <useDefaultTextSize>False</useDefaultTextSize>
                              <selectedIndex>-1</selectedIndex>
                            </control>
                            <control controlID="F2BE8AAE-61C0-E711-9E7D-787B8ABCE684" controlTypeID="Label" x="587" y="192" w="11" h="12" zOrder="8">
                              <font family="Arial" displayName="Arial" postScript="" weightStyle="Regular" weight="400" isBold="False" isItalic="False"/>
                              <text>78</text>
                              <textColor>4288256409</textColor>
                              <textSize>10</textSize>
                              <lineSpacing>0</lineSpacing>
                              <useDefaultTextSize>False</useDefaultTextSize>
                              <selectedIndex>-1</selectedIndex>
                            </control>
                            <control controlID="24BF8AAE-61C0-E711-9E7D-787B8ABCE684" controlTypeID="Label" x="188" y="161" w="73" h="12" zOrder="9">
                              <font family="Arial" displayName="Arial" postScript="" weightStyle="Regular" weight="400" isBold="False" isItalic="False"/>
                              <text>$150+per+person</text>
                              <textColor>4288256409</textColor>
                              <textSize>10</textSize>
                              <lineSpacing>0</lineSpacing>
                              <useDefaultTextSize>False</useDefaultTextSize>
                              <selectedIndex>-1</selectedIndex>
                            </control>
                            <control controlID="60BF8AAE-61C0-E711-9E7D-787B8ABCE684" controlTypeID="Label" x="359" y="177" w="67" h="12" zOrder="10">
                              <font family="Arial" displayName="Arial" postScript="" weightStyle="Regular" weight="400" isBold="False" isItalic="False"/>
                              <text>$28+per+person</text>
                              <textColor>4288256409</textColor>
                              <textSize>10</textSize>
                              <lineSpacing>0</lineSpacing>
                              <useDefaultTextSize>False</useDefaultTextSize>
                              <selectedIndex>-1</selectedIndex>
                            </control>
                            <control controlID="92BF8AAE-61C0-E711-9E7D-787B8ABCE684" controlTypeID="Label" x="530" y="178" w="67" h="12" zOrder="11">
                              <font family="Arial" displayName="Arial" postScript="" weightStyle="Regular" weight="400" isBold="False" isItalic="False"/>
                              <text>$49+per+person</text>
                              <textColor>4288256409</textColor>
                              <textSize>10</textSize>
                              <lineSpacing>0</lineSpacing>
                              <useDefaultTextSize>False</useDefaultTextSize>
                              <selectedIndex>-1</selectedIndex>
                            </control>
                            <control controlID="521D0E49-76C0-E711-9E7D-787B8ABCE684" controlTypeID="__group__" x="17" y="3" w="160" h="186" zOrder="12">
                              <groupChildrenDescriptors>
                                <control controlID="90BC8AAE-61C0-E711-9E7D-787B8ABCE684" controlTypeID="Image" x="0" y="0" w="160" h="109" zOrder="0"/>
                                <control controlID="6CBD8AAE-61C0-E711-9E7D-787B8ABCE684" controlTypeID="Label" x="0" y="119" w="78" h="12" zOrder="1">
                                  <font family="Arial" displayName="Arial" postScript="" weightStyle="Regular" weight="400" isBold="False" isItalic="False"/>
                                  <text>MUSIC-LONDON</text>
                                  <textSize>10</textSize>
                                  <lineSpacing>0</lineSpacing>
                                  <useDefaultTextSize>False</useDefaultTextSize>
                                  <selectedIndex>-1</selectedIndex>
                                </control>
                                <control controlID="48BE8AAE-61C0-E711-9E7D-787B8ABCE684" controlTypeID="Label" x="0" y="174" w="62" h="12" zOrder="2">
                                  <font family="Arial" displayName="Arial" postScript="" weightStyle="Regular" weight="400" isBold="False" isItalic="False"/>
                                  <text>$7+per+person</text>
                                  <textColor>4288256409</textColor>
                                  <textSize>10</textSize>
                                  <lineSpacing>0</lineSpacing>
                                  <useDefaultTextSize>False</useDefaultTextSize>
                                  <selectedIndex>-1</selectedIndex>
                                </control>
                                <control controlID="CEBF8AAE-61C0-E711-9E7D-787B8ABCE684" controlTypeID="TextArea" x="0" y="136" w="160" h="38" zOrder="3">
                                  <font family="Arial" displayName="Arial+Bold" postScript="" weightStyle="Bold" weight="700" isBold="True" isItalic="False"/>
                                  <text>Intimate+London+show+from+the+Warner+Mu...</text>
                                  <textColor>4281545523</textColor>
                                  <textStyles>[fsBold]</textStyles>
                                  <selectedIndex>-1</selectedIndex>
                                </control>
                              </groupChildrenDescriptors>
                            </control>
                            <control controlID="00C08AAE-61C0-E711-9E7D-787B8ABCE684" controlTypeID="TextArea" x="188" y="139" w="160" h="20" zOrder="13">
                              <font family="Arial" displayName="Arial+Bold" postScript="" weightStyle="Bold" weight="700" isBold="True" isItalic="False"/>
                              <text>Wolf+Encounter</text>
                              <textColor>4281545523</textColor>
                              <textStyles>[fsBold]</textStyles>
                              <selectedIndex>-1</selectedIndex>
                            </control>
                            <control controlID="3CC08AAE-61C0-E711-9E7D-787B8ABCE684" controlTypeID="TextArea" x="359" y="139" w="160" h="38" zOrder="14">
                              <font family="Arial" displayName="Arial+Bold" postScript="" weightStyle="Bold" weight="700" isBold="True" isItalic="False"/>
                              <text>A+sendational+night+of+live+music+in+an+amaz...</text>
                              <textColor>4281545523</textColor>
                              <textStyles>[fsBold]</textStyles>
                              <selectedIndex>-1</selectedIndex>
                            </control>
                            <control controlID="6EC08AAE-61C0-E711-9E7D-787B8ABCE684" controlTypeID="TextArea" x="530" y="140" w="160" h="38" zOrder="15">
                              <font family="Arial" displayName="Arial+Bold" postScript="" weightStyle="Bold" weight="700" isBold="True" isItalic="False"/>
                              <text>A+VIBRANT+SALSA+NIGHT</text>
                              <textColor>4281545523</textColor>
                              <textStyles>[fsBold]</textStyles>
                              <selectedIndex>-1</selectedIndex>
                            </control>
                            <control controlID="AAC08AAE-61C0-E711-9E7D-787B8ABCE684" controlTypeID="Icon" x="153" y="9" w="18" h="18" zOrder="16">
                              <icon>
                                <ID/>
                                <iconFontName>jdIonicons</iconFontName>
                                <iconCode>62343</iconCode>
                              </icon>
                              <URL>27BF6DD5D083782A1CB633DA66BC8750.svg</URL>
                            </control>
                            <control controlID="E6C08AAE-61C0-E711-9E7D-787B8ABCE684" controlTypeID="Icon" x="324" y="9" w="18" h="18" zOrder="17">
                              <icon>
                                <ID/>
                                <iconFontName>jdIonicons</iconFontName>
                                <iconCode>62343</iconCode>
                              </icon>
                              <URL>27BF6DD5D083782A1CB633DA66BC8750.svg</URL>
                            </control>
                            <control controlID="22C18AAE-61C0-E711-9E7D-787B8ABCE684" controlTypeID="Icon" x="495" y="9" w="18" h="18" zOrder="18">
                              <icon>
                                <ID/>
                                <iconFontName>jdIonicons</iconFontName>
                                <iconCode>62343</iconCode>
                              </icon>
                              <URL>27BF6DD5D083782A1CB633DA66BC8750.svg</URL>
                            </control>
                            <control controlID="54C18AAE-61C0-E711-9E7D-787B8ABCE684" controlTypeID="Icon" x="666" y="10" w="18" h="18" zOrder="19">
                              <icon>
                                <ID/>
                                <iconFontName>jdIonicons</iconFontName>
                                <iconCode>62343</iconCode>
                              </icon>
                              <URL>27BF6DD5D083782A1CB633DA66BC8750.svg</URL>
                            </control>
                            <control controlID="90C18AAE-61C0-E711-9E7D-787B8ABCE684" controlTypeID="Icon" x="188" y="178" w="10" h="10" zOrder="20">
                              <icon>
                                <ID/>
                                <iconFontName>jdIonicons</iconFontName>
                                <iconCode>62204</iconCode>
                              </icon>
                              <URL>7368E932054EB35095B123FCB5C28A31.svg</URL>
                            </control>
                            <control controlID="C2C18AAE-61C0-E711-9E7D-787B8ABCE684" controlTypeID="Icon" x="359" y="193" w="10" h="10" zOrder="21">
                              <icon>
                                <ID/>
                                <iconFontName>jdIonicons</iconFontName>
                                <iconCode>62204</iconCode>
                              </icon>
                              <URL>7368E932054EB35095B123FCB5C28A31.svg</URL>
                            </control>
                            <control controlID="FEC18AAE-61C0-E711-9E7D-787B8ABCE684" controlTypeID="Icon" x="530" y="193" w="10" h="10" zOrder="22">
                              <icon>
                                <ID/>
                                <iconFontName>jdIonicons</iconFontName>
                                <iconCode>62204</iconCode>
                              </icon>
                              <URL>7368E932054EB35095B123FCB5C28A31.svg</URL>
                            </control>
                            <control controlID="3AC28AAE-61C0-E711-9E7D-787B8ABCE684" controlTypeID="Icon" x="199" y="178" w="10" h="10" zOrder="23">
                              <icon>
                                <ID/>
                                <iconFontName>jdIonicons</iconFontName>
                                <iconCode>62204</iconCode>
                              </icon>
                              <URL>7368E932054EB35095B123FCB5C28A31.svg</URL>
                            </control>
                            <control controlID="6CC28AAE-61C0-E711-9E7D-787B8ABCE684" controlTypeID="Icon" x="370" y="193" w="10" h="10" zOrder="24">
                              <icon>
                                <ID/>
                                <iconFontName>jdIonicons</iconFontName>
                                <iconCode>62204</iconCode>
                              </icon>
                              <URL>7368E932054EB35095B123FCB5C28A31.svg</URL>
                            </control>
                            <control controlID="A8C28AAE-61C0-E711-9E7D-787B8ABCE684" controlTypeID="Icon" x="541" y="193" w="10" h="10" zOrder="25">
                              <icon>
                                <ID/>
                                <iconFontName>jdIonicons</iconFontName>
                                <iconCode>62204</iconCode>
                              </icon>
                              <URL>7368E932054EB35095B123FCB5C28A31.svg</URL>
                            </control>
                            <control controlID="DAC28AAE-61C0-E711-9E7D-787B8ABCE684" controlTypeID="Icon" x="210" y="178" w="10" h="10" zOrder="26">
                              <icon>
                                <ID/>
                                <iconFontName>jdIonicons</iconFontName>
                                <iconCode>62204</iconCode>
                              </icon>
                              <URL>7368E932054EB35095B123FCB5C28A31.svg</URL>
                            </control>
                            <control controlID="16C38AAE-61C0-E711-9E7D-787B8ABCE684" controlTypeID="Icon" x="381" y="193" w="10" h="10" zOrder="27">
                              <icon>
                                <ID/>
                                <iconFontName>jdIonicons</iconFontName>
                                <iconCode>62204</iconCode>
                              </icon>
                              <URL>7368E932054EB35095B123FCB5C28A31.svg</URL>
                            </control>
                            <control controlID="48C38AAE-61C0-E711-9E7D-787B8ABCE684" controlTypeID="Icon" x="552" y="193" w="10" h="10" zOrder="28">
                              <icon>
                                <ID/>
                                <iconFontName>jdIonicons</iconFontName>
                                <iconCode>62204</iconCode>
                              </icon>
                              <URL>7368E932054EB35095B123FCB5C28A31.svg</URL>
                            </control>
                            <control controlID="84C38AAE-61C0-E711-9E7D-787B8ABCE684" controlTypeID="Icon" x="221" y="178" w="10" h="10" zOrder="29">
                              <icon>
                                <ID/>
                                <iconFontName>jdIonicons</iconFontName>
                                <iconCode>62204</iconCode>
                              </icon>
                              <URL>7368E932054EB35095B123FCB5C28A31.svg</URL>
                            </control>
                            <control controlID="B6C38AAE-61C0-E711-9E7D-787B8ABCE684" controlTypeID="Icon" x="392" y="193" w="10" h="10" zOrder="30">
                              <icon>
                                <ID/>
                                <iconFontName>jdIonicons</iconFontName>
                                <iconCode>62204</iconCode>
                              </icon>
                              <URL>7368E932054EB35095B123FCB5C28A31.svg</URL>
                            </control>
                            <control controlID="F2C38AAE-61C0-E711-9E7D-787B8ABCE684" controlTypeID="Icon" x="563" y="193" w="10" h="10" zOrder="31">
                              <icon>
                                <ID/>
                                <iconFontName>jdIonicons</iconFontName>
                                <iconCode>62204</iconCode>
                              </icon>
                              <URL>7368E932054EB35095B123FCB5C28A31.svg</URL>
                            </control>
                            <control controlID="24C48AAE-61C0-E711-9E7D-787B8ABCE684" controlTypeID="Icon" x="403" y="193" w="10" h="10" zOrder="32">
                              <icon>
                                <ID/>
                                <iconFontName>jdFontAwesome</iconFontName>
                                <iconCode>61731</iconCode>
                              </icon>
                              <URL>7DAB03FBDEAA4869BF2A03687B6BD942.svg</URL>
                            </control>
                            <control controlID="60C48AAE-61C0-E711-9E7D-787B8ABCE684" controlTypeID="Icon" x="574" y="193" w="10" h="10" zOrder="33">
                              <icon>
                                <ID/>
                                <iconFontName>jdFontAwesome</iconFontName>
                                <iconCode>61731</iconCode>
                              </icon>
                              <URL>7DAB03FBDEAA4869BF2A03687B6BD942.svg</URL>
                            </control>
                            <control controlID="9CC48AAE-61C0-E711-9E7D-787B8ABCE684" controlTypeID="Icon" x="232" y="178" w="10" h="10" zOrder="34">
                              <icon>
                                <ID/>
                                <iconFontName>jdIonicons</iconFontName>
                                <iconCode>62204</iconCode>
                              </icon>
                              <URL>7368E932054EB35095B123FCB5C28A31.svg</URL>
                            </control>
                          </groupChildrenDescriptors>
                        </control>
                        <control controlID="CEC48AAE-61C0-E711-9E7D-787B8ABCE684" controlTypeID="Border" x="0" y="0" w="375" h="213" zOrder="1">
                          <color>4284900966</color>
                          <borderColor>4278190080</borderColor>
                          <borderVisible>False</borderVisible>
                          <alias>borderLayer</alias>
                        </control>
                      </groupChildrenDescriptors>
                      <canHoriScroll>True</canHoriScroll>
                      <canVertScroll>False</canVertScroll>
                      <showScrollBars>False</showScrollBars>
                    </control>
                    <control controlID="CE01BDC6-61C0-E711-9E7D-787B8ABCE684" controlTypeID="TextArea" x="15" y="337" w="240" h="50" zOrder="4">
                      <font family="Arial" displayName="Arial+Bold" postScript="" weightStyle="Bold" weight="700" isBold="True" isItalic="False"/>
                      <text>Popular+reservations+around+the+world</text>
                      <textColor>4281545523</textColor>
                      <textSize>20</textSize>
                      <textStyles>[fsBold]</textStyles>
                      <useDefaultTextSize>False</useDefaultTextSize>
                      <selectedIndex>-1</selectedIndex>
                    </control>
                    <control controlID="F6F53856-62C0-E711-9E7D-787B8ABCE684" controlTypeID="TextArea" x="15" y="666" w="240" h="25" zOrder="5">
                      <font family="Arial" displayName="Arial+Bold" postScript="" weightStyle="Bold" weight="700" isBold="True" isItalic="False"/>
                      <text>Featured+destinations</text>
                      <textColor>4281545523</textColor>
                      <textSize>20</textSize>
                      <textStyles>[fsBold]</textStyles>
                      <useDefaultTextSize>False</useDefaultTextSize>
                      <selectedIndex>-1</selectedIndex>
                    </control>
                    <control controlID="D218F8F7-61C0-E711-9E7D-787B8ABCE684" controlTypeID="Image" x="15" y="410" w="160" h="109" zOrder="6"/>
                    <control controlID="DC43D567-62C0-E711-9E7D-787B8ABCE684" controlTypeID="Image" x="15" y="714" w="105" h="158" zOrder="7"/>
                    <control controlID="DA77597F-62C0-E711-9E7D-787B8ABCE684" controlTypeID="Image" x="130" y="714" w="105" h="158" zOrder="8"/>
                    <control controlID="68D83B81-62C0-E711-9E7D-787B8ABCE684" controlTypeID="Image" x="245" y="714" w="105" h="158" zOrder="9"/>
                    <control controlID="9AA44E89-62C0-E711-9E7D-787B8ABCE684" controlTypeID="Image" x="360" y="714" w="105" h="158" zOrder="10"/>
                    <control controlID="F2E5E440-62C0-E711-9E7D-787B8ABCE684" controlTypeID="Image" x="187" y="410" w="160" h="109" zOrder="11"/>
                    <control controlID="C01F9448-62C0-E711-9E7D-787B8ABCE684" controlTypeID="Image" x="361" y="410" w="160" h="109" zOrder="12"/>
                    <control controlID="2219F8F7-61C0-E711-9E7D-787B8ABCE684" controlTypeID="Label" x="15" y="529" w="70" h="12" zOrder="13">
                      <font family="Arial" displayName="Arial" postScript="" weightStyle="Regular" weight="400" isBold="False" isItalic="False"/>
                      <text>RESERVATION</text>
                      <textSize>10</textSize>
                      <lineSpacing>0</lineSpacing>
                      <useDefaultTextSize>False</useDefaultTextSize>
                      <selectedIndex>-1</selectedIndex>
                    </control>
                    <control controlID="4CE6E440-62C0-E711-9E7D-787B8ABCE684" controlTypeID="Label" x="187" y="529" w="70" h="12" zOrder="14">
                      <font family="Arial" displayName="Arial" postScript="" weightStyle="Regular" weight="400" isBold="False" isItalic="False"/>
                      <text>RESERVATION</text>
                      <textSize>10</textSize>
                      <lineSpacing>0</lineSpacing>
                      <useDefaultTextSize>False</useDefaultTextSize>
                      <selectedIndex>-1</selectedIndex>
                    </control>
                    <control controlID="10209448-62C0-E711-9E7D-787B8ABCE684" controlTypeID="Label" x="361" y="529" w="70" h="12" zOrder="15">
                      <font family="Arial" displayName="Arial" postScript="" weightStyle="Regular" weight="400" isBold="False" isItalic="False"/>
                      <text>RESERVATION</text>
                      <textSize>10</textSize>
                      <lineSpacing>0</lineSpacing>
                      <useDefaultTextSize>False</useDefaultTextSize>
                      <selectedIndex>-1</selectedIndex>
                    </control>
                    <control controlID="5E19F8F7-61C0-E711-9E7D-787B8ABCE684" controlTypeID="Label" x="15" y="566" w="115" h="14" zOrder="16">
                      <font family="Arial" displayName="Arial" postScript="" weightStyle="Regular" weight="400" isBold="False" isItalic="False"/>
                      <text>About+$60+per+person</text>
                      <textColor>4288256409</textColor>
                      <textSize>12</textSize>
                      <lineSpacing>0</lineSpacing>
                      <useDefaultTextSize>False</useDefaultTextSize>
                      <selectedIndex>-1</selectedIndex>
                    </control>
                    <control controlID="92E6E440-62C0-E711-9E7D-787B8ABCE684" controlTypeID="Label" x="187" y="566" w="115" h="14" zOrder="17">
                      <font family="Arial" displayName="Arial" postScript="" weightStyle="Regular" weight="400" isBold="False" isItalic="False"/>
                      <text>About+$50+per+person</text>
                      <textColor>4288256409</textColor>
                      <textSize>12</textSize>
                      <lineSpacing>0</lineSpacing>
                      <useDefaultTextSize>False</useDefaultTextSize>
                      <selectedIndex>-1</selectedIndex>
                    </control>
                    <control controlID="56209448-62C0-E711-9E7D-787B8ABCE684" controlTypeID="Label" x="361" y="566" w="115" h="14" zOrder="18">
                      <font family="Arial" displayName="Arial" postScript="" weightStyle="Regular" weight="400" isBold="False" isItalic="False"/>
                      <text>About+$60+per+person</text>
                      <textColor>4288256409</textColor>
                      <textSize>12</textSize>
                      <lineSpacing>0</lineSpacing>
                      <useDefaultTextSize>False</useDefaultTextSize>
                      <selectedIndex>-1</selectedIndex>
                    </control>
                    <control controlID="9019F8F7-61C0-E711-9E7D-787B8ABCE684" controlTypeID="TextArea" x="15" y="544" w="160" h="21" zOrder="19">
                      <font family="Arial" displayName="Arial+Bold" postScript="" weightStyle="Bold" weight="700" isBold="True" isItalic="False"/>
                      <text>Chumley's</text>
                      <textColor>4281545523</textColor>
                      <textStyles>[fsBold]</textStyles>
                      <selectedIndex>-1</selectedIndex>
                    </control>
                    <control controlID="D8E6E440-62C0-E711-9E7D-787B8ABCE684" controlTypeID="TextArea" x="187" y="544" w="160" h="21" zOrder="20">
                      <font family="Arial" displayName="Arial+Bold" postScript="" weightStyle="Bold" weight="700" isBold="True" isItalic="False"/>
                      <text>Hanjan</text>
                      <textColor>4281545523</textColor>
                      <textStyles>[fsBold]</textStyles>
                      <selectedIndex>-1</selectedIndex>
                    </control>
                    <control controlID="92209448-62C0-E711-9E7D-787B8ABCE684" controlTypeID="TextArea" x="361" y="544" w="160" h="21" zOrder="21">
                      <font family="Arial" displayName="Arial+Bold" postScript="" weightStyle="Bold" weight="700" isBold="True" isItalic="False"/>
                      <text>Chumley's</text>
                      <textColor>4281545523</textColor>
                      <textStyles>[fsBold]</textStyles>
                      <selectedIndex>-1</selectedIndex>
                    </control>
                    <control controlID="CC19F8F7-61C0-E711-9E7D-787B8ABCE684" controlTypeID="Icon" x="151" y="416" w="18" h="18" zOrder="22">
                      <icon>
                        <ID/>
                        <iconFontName>jdIonicons</iconFontName>
                        <iconCode>62343</iconCode>
                      </icon>
                      <URL>27BF6DD5D083782A1CB633DA66BC8750.svg</URL>
                    </control>
                    <control controlID="14E7E440-62C0-E711-9E7D-787B8ABCE684" controlTypeID="Icon" x="323" y="416" w="18" h="18" zOrder="23">
                      <icon>
                        <ID/>
                        <iconFontName>jdIonicons</iconFontName>
                        <iconCode>62343</iconCode>
                      </icon>
                      <URL>27BF6DD5D083782A1CB633DA66BC8750.svg</URL>
                    </control>
                    <control controlID="D8209448-62C0-E711-9E7D-787B8ABCE684" controlTypeID="Icon" x="497" y="416" w="18" h="18" zOrder="24">
                      <icon>
                        <ID/>
                        <iconFontName>jdIonicons</iconFontName>
                        <iconCode>62343</iconCode>
                      </icon>
                      <URL>27BF6DD5D083782A1CB633DA66BC8750.svg</URL>
                    </control>
                  </groupChildrenDescriptors>
                </control>
                <control controlID="42A5549F-61C0-E711-9E7D-787B8ABCE684" controlTypeID="Border" x="0" y="0" w="375" h="542" zOrder="1">
                  <color>4284900966</color>
                  <borderColor>4278190080</borderColor>
                  <borderVisible>False</borderVisible>
                  <alias>borderLayer</alias>
                </control>
              </groupChildrenDescriptors>
            </control>
          </groupChildrenDescriptors>
        </control>
        <control controlID="2C4FF34E-61C0-E711-9E7D-787B8ABCE684" controlTypeID="Border" x="0" y="0" w="375" h="236" zOrder="1">
          <color>4284900966</color>
          <borderColor>4278190080</borderColor>
          <borderVisible>False</borderVisible>
          <alias>borderLayer</alias>
        </control>
      </groupChildrenDescriptors>
    </control>
    <control controlID="B40DA67A-5AC0-E711-9E7D-787B8ABCE684" controlTypeID="StatusBar(IOS)" x="0" y="0" w="375" h="20" zOrder="1">
      <color>4288256409</color>
      <IsAutoTextColor>False</IsAutoTextColor>
    </control>
    <control controlID="330C4338-0101-4589-9C06-86A0DDDBD712" controlTypeID="Shape" x="0" y="611" w="375" h="56" zOrder="2">
      <borderColor>4293190884</borderColor>
      <font family="Arial" displayName="Arial" postScript="" weightStyle="Regular" weight="400" isBold="False" isItalic="False"/>
      <textSize>14</textSize>
      <selectedIndex>-1</selectedIndex>
      <borderMode>[bmTop]</borderMode>
    </control>
    <control controlID="7387EE15-8990-488D-927D-918DEEC87C44" controlTypeID="IconLabel2" x="54" y="619" w="34" h="40" zOrder="3">
      <links eventType="AtClick" animate="AmNone" animateAutoDelay="0" animateDuration="500">
        <link targetPageID="AC071669-5AC0-E711-9E7D-787B8ABCE684" linkType="ltPageLink" isApplyIncludePage="False" title="Home">
          <area shape="0" alt="" ID="{248268F5-74C0-E711-9E7D-787B8ABCE684}" coords="(0,0,34,40)"/>
        </link>
      </links>
      <groupChildrenDescriptors>
        <control controlID="DF7E09C8-941C-4E57-8439-A838F0F6256E" controlTypeID="Shape" x="5" y="0" w="24" h="24" zOrder="0">
          <canMove>False</canMove>
          <alias>shape</alias>
          <font family="Arial" displayName="Arial" postScript="" weightStyle="Regular" weight="400" isBold="False" isItalic="False"/>
          <textSize>14</textSize>
          <selectedIndex>-1</selectedIndex>
        </control>
        <control controlID="7962435B-7390-47EF-86DD-F73D620B4D58" controlTypeID="Icon" x="5" y="0" w="24" h="24" zOrder="1">
          <color>4288256409</color>
          <canMove>False</canMove>
          <alias>icon</alias>
          <icon>
            <ID/>
            <iconFontName>jdIonicons</iconFontName>
            <iconCode>62351</iconCode>
          </icon>
          <URL>00B95EF219967F400695DB20B0044ACF.svg</URL>
        </control>
        <control controlID="59E65E6F-454B-4150-9BAF-62DA6FF1AE6B" controlTypeID="Label" x="2" y="28" w="30" h="12" zOrder="2">
          <canMove>False</canMove>
          <alias>label</alias>
          <font family="Arial" displayName="Arial" postScript="" weightStyle="Regular" weight="400" isBold="False" isItalic="False"/>
          <text>HOME</text>
          <textColor>4288256409</textColor>
          <textSize>10</textSize>
          <textAlign>HaCenter</textAlign>
          <lineSpacing>0</lineSpacing>
          <useDefaultTextSize>False</useDefaultTextSize>
          <selectedIndex>-1</selectedIndex>
        </control>
        <control controlID="E72C1840-CAE1-44E2-B8F5-72BE5EDFB1A8" controlTypeID="Shape" x="21" y="0" w="13" h="12" zOrder="3">
          <color>4294901760</color>
          <borderVisible>False</borderVisible>
          <canMove>False</canMove>
          <alias>alarm</alias>
          <font family="Arial" displayName="Arial" postScript="" weightStyle="Regular" weight="400" isBold="False" isItalic="False"/>
          <text>2</text>
          <textColor>4294967295</textColor>
          <textSize>7</textSize>
          <selectedIndex>-1</selectedIndex>
          <radius>100</radius>
          <radiusIsPercent>True</radiusIsPercent>
        </control>
      </groupChildrenDescriptors>
    </control>
    <control controlID="B22F61EE-107A-4BA5-B7CB-C3BA405EC06F" controlTypeID="IconLabel2" x="148" y="619" w="80" h="40" zOrder="4">
      <groupChildrenDescriptors>
        <control controlID="FA2C4F47-7ECF-4EFB-AA04-F6961C265330" controlTypeID="Shape" x="28" y="0" w="24" h="24" zOrder="0">
          <canMove>False</canMove>
          <alias>shape</alias>
          <font family="Arial" displayName="Arial" postScript="" weightStyle="Regular" weight="400" isBold="False" isItalic="False"/>
          <textSize>14</textSize>
          <selectedIndex>-1</selectedIndex>
        </control>
        <control controlID="62E01314-27ED-4DC8-BC67-AECAA97E9DFC" controlTypeID="Icon" x="28" y="0" w="24" h="24" zOrder="1">
          <color>4288256409</color>
          <canMove>False</canMove>
          <alias>icon</alias>
          <icon>
            <ID/>
            <iconFontName>jdIonicons</iconFontName>
            <iconCode>62363</iconCode>
          </icon>
          <URL>465F7420215F741122FE38BF5E1BDDD8.svg</URL>
        </control>
        <control controlID="2BD1B290-4610-40E1-BCA0-C9ED1453901C" controlTypeID="Label" x="2" y="28" w="76" h="12" zOrder="2">
          <canMove>False</canMove>
          <alias>label</alias>
          <font family="Arial" displayName="Arial" postScript="" weightStyle="Regular" weight="400" isBold="False" isItalic="False"/>
          <text>NOTIFICATIONS</text>
          <textColor>4288256409</textColor>
          <textSize>10</textSize>
          <textAlign>HaCenter</textAlign>
          <lineSpacing>0</lineSpacing>
          <useDefaultTextSize>False</useDefaultTextSize>
          <selectedIndex>-1</selectedIndex>
        </control>
        <control controlID="37E2C1BD-0C11-40BF-8B9A-2A9AB111E6A2" controlTypeID="Shape" x="67" y="0" w="13" h="12" zOrder="3">
          <color>4294901760</color>
          <borderVisible>False</borderVisible>
          <canMove>False</canMove>
          <alias>alarm</alias>
          <font family="Arial" displayName="Arial" postScript="" weightStyle="Regular" weight="400" isBold="False" isItalic="False"/>
          <text>2</text>
          <textColor>4294967295</textColor>
          <textSize>7</textSize>
          <selectedIndex>-1</selectedIndex>
          <radius>100</radius>
          <radiusIsPercent>True</radiusIsPercent>
        </control>
      </groupChildrenDescriptors>
    </control>
    <control controlID="95F7BD70-664B-4DDE-B918-93354D7E6C3B" controlTypeID="IconLabel2" x="284" y="619" w="47" h="40" zOrder="5">
      <groupChildrenDescriptors>
        <control controlID="AD47046D-6A95-4F8F-8B59-E9B548453696" controlTypeID="Shape" x="12" y="0" w="24" h="24" zOrder="0">
          <canMove>False</canMove>
          <alias>shape</alias>
          <font family="Arial" displayName="Arial" postScript="" weightStyle="Regular" weight="400" isBold="False" isItalic="False"/>
          <textSize>14</textSize>
          <selectedIndex>-1</selectedIndex>
        </control>
        <control controlID="A9744969-714F-41E3-AACD-7BCE36398895" controlTypeID="Icon" x="12" y="0" w="24" h="24" zOrder="1">
          <color>4288256409</color>
          <canMove>False</canMove>
          <alias>icon</alias>
          <icon>
            <ID/>
            <iconFontName>jdIonicons</iconFontName>
            <iconCode>62368</iconCode>
          </icon>
          <URL>B91434690C5B5224D1CC6B1998F1178A.svg</URL>
        </control>
        <control controlID="87EA7971-42A1-42C7-8D74-E420D6321A3F" controlTypeID="Label" x="2" y="28" w="43" h="12" zOrder="2">
          <canMove>False</canMove>
          <alias>label</alias>
          <font family="Arial" displayName="Arial" postScript="" weightStyle="Regular" weight="400" isBold="False" isItalic="False"/>
          <text>PROFILE</text>
          <textColor>4288256409</textColor>
          <textSize>10</textSize>
          <textAlign>HaCenter</textAlign>
          <lineSpacing>0</lineSpacing>
          <useDefaultTextSize>False</useDefaultTextSize>
          <selectedIndex>-1</selectedIndex>
        </control>
        <control controlID="BC0BE627-A38B-4D5D-B7C0-2D66D942F83E" controlTypeID="Shape" x="41" y="0" w="6" h="6" zOrder="3">
          <color>4294901760</color>
          <borderVisible>False</borderVisible>
          <canMove>False</canMove>
          <alias>alarm</alias>
          <font family="Arial" displayName="Arial" postScript="" weightStyle="Regular" weight="400" isBold="False" isItalic="False"/>
          <textColor>4294967295</textColor>
          <textSize>3</textSize>
          <selectedIndex>-1</selectedIndex>
          <radius>100</radius>
          <radiusIsPercent>True</radiusIsPercent>
        </control>
      </groupChildrenDescriptors>
      <showAlarm>True</showAlarm>
    </control>
  </controls>
  <param>
    <backgroundColor>4294967295</backgroundColor>
    <fontSize>14</fontSize>
    <fontFamily>Arial</fontFamily>
    <guideLines>
      <guideLine isLocked="False" isHori="False" value="1014"/>
    </guideLines>
  </param>
</mockup>