﻿<mockup version="5.3" minAllowVersion="5.3" ID="B941D25F-9B6B-4F5A-ABB1-2A94687F9CE5" platform="MtMobile" defaultW="375" defaultH="667" measureW="375" measureH="667" screenOrientation="MoPortrait" mobileScreenScale="1.77777779102325">
  <controls controlCount="18">
    <control controlID="EB78F44A-2940-4B3B-8667-AF51C3C4A811" controlTypeID="TableView" x="0" y="75" w="375" h="592" zOrder="0">
      <font family="Arial" displayName="Arial" postScript="" weightStyle="Regular" weight="400" isBold="False" isItalic="False"/>
      <text>Main+Door+-%3E%0D%0AWindow+-%3E%0D%0AFridge+-%3E%0D%0AOven+-%3E%0D%0ALiving+Room+Lights+-%3E%0D%0AKid's+Bedroom+Lights+-%3E%0D%0AMaster+Bedroom+Lights+-%3E%0D%0ATermostat+-%3E%0D%0ASecurity+Camera+-%3E%0D%0AAdd+more+-%2B</text>
      <textSize>14</textSize>
      <lineSpacing>0</lineSpacing>
    </control>
    <control controlID="BDFB3F8F-8D07-4472-BB31-3DF7B03C47FE" controlTypeID="TextArea" x="20" y="23" w="240" h="66" zOrder="1">
      <font family="Arial" displayName="Arial" postScript="" weightStyle="Regular" weight="400" isBold="False" isItalic="False"/>
      <text>Joseph's+House</text>
      <textSize>28</textSize>
      <useDefaultTextSize>False</useDefaultTextSize>
      <selectedIndex>-1</selectedIndex>
    </control>
    <control controlID="C01482EE-23DF-4020-8718-E882AEB3CA2C" controlTypeID="Shape" x="0" y="611" w="375" h="56" zOrder="2">
      <borderColor>4293190884</borderColor>
      <font family="Arial" displayName="Arial" postScript="" weightStyle="Regular" weight="400" isBold="False" isItalic="False"/>
      <textSize>14</textSize>
      <selectedIndex>-1</selectedIndex>
      <borderMode>[bmTop]</borderMode>
    </control>
    <control controlID="7D5AF05A-6B8B-411C-874D-59B54D6CE199" controlTypeID="IconLabel2" x="54" y="619" w="34" h="40" zOrder="3">
      <links eventType="AtClick" animate="AmNone" animateAutoDelay="0" animateDuration="500">
        <link targetPageID="AC071669-5AC0-E711-9E7D-787B8ABCE684" linkType="ltPageLink" isApplyIncludePage="False" title="Home">
          <area shape="0" alt="" ID="{248268F5-74C0-E711-9E7D-787B8ABCE684}" coords="(0,0,34,40)"/>
        </link>
      </links>
      <groupChildrenDescriptors>
        <control controlID="24DB9400-6E1F-4B88-9D95-2E52B9DEA3DE" controlTypeID="Shape" x="5" y="0" w="24" h="24" zOrder="0">
          <canMove>False</canMove>
          <alias>shape</alias>
          <font family="Arial" displayName="Arial" postScript="" weightStyle="Regular" weight="400" isBold="False" isItalic="False"/>
          <textSize>14</textSize>
          <selectedIndex>-1</selectedIndex>
        </control>
        <control controlID="25145DA8-3FAB-45EF-9845-0F2BDB2DA47A" controlTypeID="Icon" x="5" y="0" w="24" h="24" zOrder="1">
          <color>4288256409</color>
          <canMove>False</canMove>
          <alias>icon</alias>
          <icon>
            <ID/>
            <iconFontName>jdIonicons</iconFontName>
            <iconCode>62351</iconCode>
          </icon>
          <URL>00B95EF219967F400695DB20B0044ACF.svg</URL>
        </control>
        <control controlID="89D1E7E1-0DD9-4F62-86DC-EF8472793D89" controlTypeID="Label" x="2" y="28" w="30" h="12" zOrder="2">
          <canMove>False</canMove>
          <alias>label</alias>
          <font family="Arial" displayName="Arial" postScript="" weightStyle="Regular" weight="400" isBold="False" isItalic="False"/>
          <text>HOME</text>
          <textColor>4288256409</textColor>
          <textSize>10</textSize>
          <textAlign>HaCenter</textAlign>
          <lineSpacing>0</lineSpacing>
          <useDefaultTextSize>False</useDefaultTextSize>
          <selectedIndex>-1</selectedIndex>
        </control>
        <control controlID="8D45F4BD-76AC-4598-A01D-70F136417BF7" controlTypeID="Shape" x="21" y="0" w="13" h="12" zOrder="3">
          <color>4294901760</color>
          <borderVisible>False</borderVisible>
          <canMove>False</canMove>
          <alias>alarm</alias>
          <font family="Arial" displayName="Arial" postScript="" weightStyle="Regular" weight="400" isBold="False" isItalic="False"/>
          <text>2</text>
          <textColor>4294967295</textColor>
          <textSize>7</textSize>
          <selectedIndex>-1</selectedIndex>
          <radius>100</radius>
          <radiusIsPercent>True</radiusIsPercent>
        </control>
      </groupChildrenDescriptors>
    </control>
    <control controlID="89A9021C-FB9C-4ED9-9A40-F9592FEA0246" controlTypeID="IconLabel2" x="148" y="619" w="80" h="40" zOrder="4">
      <groupChildrenDescriptors>
        <control controlID="88C55D74-DF28-4BA6-856B-45CA6A539B8A" controlTypeID="Shape" x="28" y="0" w="24" h="24" zOrder="0">
          <canMove>False</canMove>
          <alias>shape</alias>
          <font family="Arial" displayName="Arial" postScript="" weightStyle="Regular" weight="400" isBold="False" isItalic="False"/>
          <textSize>14</textSize>
          <selectedIndex>-1</selectedIndex>
        </control>
        <control controlID="EA857BD8-5F2D-4C8C-8E7A-5B0E1366DA23" controlTypeID="Icon" x="28" y="0" w="24" h="24" zOrder="1">
          <color>4288256409</color>
          <canMove>False</canMove>
          <alias>icon</alias>
          <icon>
            <ID/>
            <iconFontName>jdIonicons</iconFontName>
            <iconCode>62363</iconCode>
          </icon>
          <URL>465F7420215F741122FE38BF5E1BDDD8.svg</URL>
        </control>
        <control controlID="AEFDA689-A50F-4628-82E1-A9CFF63F8A32" controlTypeID="Label" x="2" y="28" w="76" h="12" zOrder="2">
          <canMove>False</canMove>
          <alias>label</alias>
          <font family="Arial" displayName="Arial" postScript="" weightStyle="Regular" weight="400" isBold="False" isItalic="False"/>
          <text>NOTIFICATIONS</text>
          <textColor>4288256409</textColor>
          <textSize>10</textSize>
          <textAlign>HaCenter</textAlign>
          <lineSpacing>0</lineSpacing>
          <useDefaultTextSize>False</useDefaultTextSize>
          <selectedIndex>-1</selectedIndex>
        </control>
        <control controlID="B4E3E549-6534-4A9F-A8C8-536E19C0725D" controlTypeID="Shape" x="67" y="0" w="13" h="12" zOrder="3">
          <color>4294901760</color>
          <borderVisible>False</borderVisible>
          <canMove>False</canMove>
          <alias>alarm</alias>
          <font family="Arial" displayName="Arial" postScript="" weightStyle="Regular" weight="400" isBold="False" isItalic="False"/>
          <text>2</text>
          <textColor>4294967295</textColor>
          <textSize>7</textSize>
          <selectedIndex>-1</selectedIndex>
          <radius>100</radius>
          <radiusIsPercent>True</radiusIsPercent>
        </control>
      </groupChildrenDescriptors>
    </control>
    <control controlID="CA24F0C0-F69F-487B-9630-2BF76ECE9E64" controlTypeID="IconLabel2" x="284" y="619" w="47" h="40" zOrder="5">
      <groupChildrenDescriptors>
        <control controlID="873C3AE8-9023-48C4-8B87-F9B48E6FF390" controlTypeID="Shape" x="12" y="0" w="24" h="24" zOrder="0">
          <canMove>False</canMove>
          <alias>shape</alias>
          <font family="Arial" displayName="Arial" postScript="" weightStyle="Regular" weight="400" isBold="False" isItalic="False"/>
          <textSize>14</textSize>
          <selectedIndex>-1</selectedIndex>
        </control>
        <control controlID="27198E24-A077-41D7-9CBF-83106C1225CC" controlTypeID="Icon" x="12" y="0" w="24" h="24" zOrder="1">
          <color>4288256409</color>
          <canMove>False</canMove>
          <alias>icon</alias>
          <icon>
            <ID/>
            <iconFontName>jdIonicons</iconFontName>
            <iconCode>62368</iconCode>
          </icon>
          <URL>B91434690C5B5224D1CC6B1998F1178A.svg</URL>
        </control>
        <control controlID="2D2066CC-2F40-4142-B55F-D507D638BB42" controlTypeID="Label" x="2" y="28" w="43" h="12" zOrder="2">
          <canMove>False</canMove>
          <alias>label</alias>
          <font family="Arial" displayName="Arial" postScript="" weightStyle="Regular" weight="400" isBold="False" isItalic="False"/>
          <text>PROFILE</text>
          <textColor>4288256409</textColor>
          <textSize>10</textSize>
          <textAlign>HaCenter</textAlign>
          <lineSpacing>0</lineSpacing>
          <useDefaultTextSize>False</useDefaultTextSize>
          <selectedIndex>-1</selectedIndex>
        </control>
        <control controlID="2D72BC4A-8764-4BA3-A6B6-CF88E6A7BA38" controlTypeID="Shape" x="41" y="0" w="6" h="6" zOrder="3">
          <color>4294901760</color>
          <borderVisible>False</borderVisible>
          <canMove>False</canMove>
          <alias>alarm</alias>
          <font family="Arial" displayName="Arial" postScript="" weightStyle="Regular" weight="400" isBold="False" isItalic="False"/>
          <textColor>4294967295</textColor>
          <textSize>3</textSize>
          <selectedIndex>-1</selectedIndex>
          <radius>100</radius>
          <radiusIsPercent>True</radiusIsPercent>
        </control>
      </groupChildrenDescriptors>
      <showAlarm>True</showAlarm>
    </control>
  </controls>
  <param>
    <backgroundColor>4294967295</backgroundColor>
    <fontSize>14</fontSize>
    <fontFamily>Arial</fontFamily>
    <guideLines/>
  </param>
</mockup>